order_id,orderrad_id,orderdatum,leveransdatum,produkt_sku,produktnamn,kategori,antal,pris_per_enhet,region,kundtyp,betalmetod,kund_id,leveransstatus,recension_text,recensionsdatum,betyg,sentiment_category
ORD-2025-00001,ORD-2025-00001-1,2025-01-29,2025-01-31,SKU-KB001,Mekaniskt Tangentbord K7,Tillbehör,1,1299.0,stockholm,private,card,KND-30258,delivered,Bra pris och hög kvalitet. Nöjd kund!,2025-02-08,4.0,positive
ORD-2025-00002,ORD-2025-00002-1,2025-02-25,2025-02-27,SKU-SD002,Extern SSD 500GB,Lagring,2,699.0,stckhlm,business,invoice,KND-98707,delivered,,,4.0,neutral
ORD-2025-00002,ORD-2025-00002-2,2025-02-25,2025-02-27,SKU-KB002,Kompakt Tangentbord Mini,Tillbehör,1,599.0,stockholm,business,invoice,KND-98707,delivered,,,4.0,neutral
ORD-2025-00002,ORD-2025-00002-3,2025-02-25,2025-02-27,SKU-MN002,"Bildskärm 24"" FHD",Bildskärmar,1,2499.0,stocholm,business,invoice,KND-98707,delivered,,,4.0,neutral
ORD-2025-00002,ORD-2025-00002-4,2025-02-25,2025-02-27,SKU-HS001,Headset Pro ANC,Ljud,2,1899.0,stockholm,business,invoice,KND-98707,delivered,Helt underbar kvalitet för pengarna.,2025-03-08,4.0,negative
ORD-2025-00003,ORD-2025-00003-1,2025-01-12,2025-01-14,SKU-LP001,Laptop Pro 15,Datorer,1,14999.0,göteborg,business,card,KND-14038,delivered,"Helt okej, gör vad den ska.",2025-01-24,3.0,neutral
ORD-2025-00004,ORD-2025-00004-1,2025-02-11,2025-02-14,SKU-KB001,Mekaniskt Tangentbord K7,Tillbehör,2,1299.0,göteborg,private,card,KND-66690,delivered,Mycket sämre kvalitet än förväntat.,2025-02-21,2.0,neutral
ORD-2025-00005,ORD-2025-00005-1,2025-01-12,2025-01-15,SKU-SD001,Extern SSD 1TB,Lagring,10,1199.0,göteborg,business,invoice,KND-45408,delivered,,,4.0,neutral
ORD-2025-00005,ORD-2025-00005-2,2025-01-12,2025-01-15,SKU-WC001,Webbkamera HD,Tillbehör,2,799.0,göteborg,business,unknown,KND-45408,delivered,,,4.0,neutral
ORD-2025-00006,ORD-2025-00006-1,2025-01-08,2025-01-10,SKU-MS002,Ergonomisk Mus Pro,Tillbehör,1,699.0,stockholm,private,card,KND-25600,delivered,Fantastisk produkt! Fungerar precis som utlovat.,2025-01-18,4.0,positive
ORD-2025-00007,ORD-2025-00007-1,2025-02-22,2025-02-26,SKU-HS002,Headset Budget,Ljud,10,499.0,linköping,business,invoice,KND-85004,delivered,Snabb leverans och produkten är fantastisk!,2025-03-09,5.0,positive
ORD-2025-00008,ORD-2025-00008-1,2025-01-06,2025-01-09,SKU-MS001,Trådlös Mus X1,Tillbehör,1,399.0,linköping,private,card,KND-80704,delivered,Stämmer inte överens med produktbeskrivningen.,2025-01-20,1.0,negative
ORD-2025-00008,ORD-2025-00008-2,2025-01-06,2025-01-09,SKU-SD002,Extern SSD 500GB,Lagring,1,699.0,,private,card,KND-80704,delivered,Inte alls nöjd. Kommer inte handla här igen.,2025-01-16,2.0,negative
ORD-2025-00009,ORD-2025-00009-1,2025-01-23,2025-01-26,SKU-HS001,Headset Pro ANC,Ljud,2,1899.0,sthlm.,private,invoice,KND-26845,delivered,,,4.0,neutral
ORD-2025-00009,ORD-2025-00009-2,2025-01-18,2025-01-23,SKU-SD002,Extern SSD 500GB,Lagring,2,699.0,stockholm,private,invoice,KND-26845,unknown,,,4.0,neutral
ORD-2025-00010,ORD-2025-00010-1,2025-01-24,2025-01-26,SKU-LP002,Laptop Budget 14,Datorer,1,7999.0,,private,card,KND-31799,delivered,,,4.0,neutral
ORD-2025-00011,ORD-2025-00011-1,2025-01-07,2025-01-10,SKU-WC001,Webbkamera HD,Tillbehör,1,799.0,malmö,private,card,KND-25136,delivered,,,4.0,neutral
ORD-2025-00012,ORD-2025-00012-1,2025-01-25,2025-01-27,SKU-KB001,Mekaniskt Tangentbord K7,Tillbehör,3,1299.0,göteborg,business,invoice,KND-79227,delivered,Prisvärt och bra kvalitet. Kommer köpa igen.,2025-01-28,4.0,positive
ORD-2025-00012,ORD-2025-00012-2,2025-01-25,2025-01-27,SKU-MS001,Trådlös Mus X1,Tillbehör,1,399.0,göteborg,business,invoice,KND-79227,delivered,,,4.0,neutral
ORD-2025-00013,ORD-2025-00013-1,2025-02-16,2025-02-18,SKU-MS002,Ergonomisk Mus Pro,Tillbehör,1,699.0,stockholm,private,card,KND-92596,received,,,4.0,neutral
ORD-2025-00014,ORD-2025-00014-1,2025-01-31,2025-02-04,SKU-KB001,Mekaniskt Tangentbord K7,Tillbehör,1,1299.0,örebro,private,swish,KND-34557,delivered,,,4.0,neutral
ORD-2025-00015,ORD-2025-00015-1,2025-01-27,2025-01-29,SKU-SD001,Extern SSD 1TB,Lagring,1,1199.0,göteborg,private,card,KND-50234,delivered,"Leveransen tog lite längre än utlovat, men produkten är ok.",2025-02-10,3.0,neutral
ORD-2025-00016,ORD-2025-00016-1,,2025-02-20,SKU-LP001,Laptop Pro 15,Datorer,1,14999.0,linköping,private,swish,KND-53652,unknown,,,4.0,neutral
ORD-2025-00017,ORD-2025-00017-1,2025-02-03,2025-02-06,SKU-KB002,Kompakt Tangentbord Mini,Tillbehör,1,599.0,stckhlm,private,invoice,KND-15966,delivered,,,4.0,neutral
ORD-2025-00018,ORD-2025-00018-1,2025-01-17,2025-01-19,SKU-LP003,Laptop Gaming X,Datorer,1,18999.0,göteborg,private,swish,KND-53967,delivered,,,4.0,neutral
ORD-2025-00019,ORD-2025-00019-1,2025-02-23,2025-02-25,SKU-SP001,Bluetooth-högtalare,Ljud,1,899.0,göteborg,consumer,card,KND-49383,delivered,,,4.0,neutral
ORD-2025-00020,ORD-2025-00020-1,2025-02-11,2025-02-13,SKU-HS002,Headset Budget,Ljud,2,499.0,stocholm,private,swish,KND-21156,delivered,,,4.0,neutral
ORD-2025-00020,ORD-2025-00020-2,2025-02-11,2025-02-13,SKU-LP001,Laptop Pro 15,Datorer,1,14999.0,stockholm,private,swish,KND-21156,delivered,"Den funkar. Inte mer, inte mindre.",2025-02-27,3.0,neutral
ORD-2025-00021,ORD-2025-00021-1,2025-01-05,2025-01-08,SKU-SD001,Extern SSD 1TB,Lagring,1,1199.0,stockholm,private,card,KND-96044,delivered,"Gör jobbet, men hade kunnat vara bättre.",2025-01-10,3.0,neutral
ORD-2025-00022,ORD-2025-00022-1,2025-02-15,2025-02-18,SKU-HS001,Headset Pro ANC,Ljud,1,1899.0,stockholm,private,swish,KND-19780,delivered,,,4.0,neutral
ORD-2025-00022,ORD-2025-00022-2,2025-02-15,2025-02-18,SKU-SD001,Extern SSD 1TB,Lagring,1,1199.0,stockholm,private,swish,KND-19780,delivered,,,4.0,neutral
ORD-2025-00023,ORD-2025-00023-1,2025-01-09,2025-01-12,SKU-MS001,Trådlös Mus X1,Tillbehör,2,399.0,gåteborg,business,invoice,KND-27286,delivered,Bästa tangentbordet jag haft. Rekommenderar!,2025-01-18,4.0,positive
ORD-2025-00024,ORD-2025-00024-1,2025-02-18,2025-02-21,SKU-SD002,Extern SSD 500GB,Lagring,1,699.0,stockholm,private,swish,KND-56466,delivered,,,4.0,neutral
ORD-2025-00025,ORD-2025-00025-1,2025-01-24,2025-01-26,SKU-MS001,Trådlös Mus X1,Tillbehör,2,399.0,göteborg,private,card,KND-14571,delivered,,,4.0,neutral
ORD-2025-00026,ORD-2025-00026-1,2025-02-13,2025-02-15,SKU-SD001,Extern SSD 1TB,Lagring,2,1199.0,stockholm,private,card,KND-78903,sent,Överträffade mina förväntningar. 5 av 5!,2025-03-01,4.0,positive
ORD-2025-00027,ORD-2025-00027-1,2025-02-26,2025-03-01,SKU-WC001,Webbkamera HD,Tillbehör,1,799.0,stockholm,private,card,KND-58974,in_transit,,,4.0,neutral
ORD-2025-00028,ORD-2025-00028-1,2025-01-11,2025-01-14,SKU-LP002,Laptop Budget 14,Datorer,1,7999.0,stockholm,private,card,KND-21946,delivered,,,4.0,neutral
ORD-2025-00029,ORD-2025-00029-1,2025-01-15,2025-01-17,SKU-HB001,USB-C Hub 7-port,Tillbehör,1,549.0,stckhlm,private,swish,KND-70051,in_transit,,,4.0,neutral
ORD-2025-00030,ORD-2025-00030-1,,2025-02-05,SKU-HB001,USB-C Hub 7-port,Tillbehör,1,549.0,stockholm,private,card,KND-89621,received,Super! Kommer definitivt handla här igen.,2025-02-07,4.0,positive
ORD-2025-00030,ORD-2025-00030-2,2025-02-03,2025-02-05,SKU-WC001,Webbkamera HD,Tillbehör,2,799.0,stockholm,private,card,KND-89621,delivered,,,4.0,neutral
ORD-2025-00031,ORD-2025-00031-1,2025-02-08,2025-02-11,SKU-SD002,Extern SSD 500GB,Lagring,1,699.0,göteborg,business,invoice,KND-27653,delivered,Helt underbar kvalitet för pengarna.,2025-02-20,4.0,negative
ORD-2025-00032,ORD-2025-00032-1,2025-02-19,2025-02-21,SKU-KB002,Kompakt Tangentbord Mini,Tillbehör,1,599.0,stockholm,consumer,swish,KND-61950,unknown,,,4.0,neutral
ORD-2025-00032,ORD-2025-00032-2,2025-02-19,2025-02-21,SKU-SD001,Extern SSD 1TB,Lagring,1,1199.0,stockholm,consumer,swish,KND-61950,delivered,,,4.0,neutral
ORD-2025-00033,ORD-2025-00033-1,2025-02-25,2025-02-28,SKU-LP002,Laptop Budget 14,Datorer,1,7999.0,stockholm,consumer,invoice,KND-89151,delivered,Fantastisk produkt! Fungerar precis som utlovat.,2025-03-01,5.0,positive
ORD-2025-00034,ORD-2025-00034-1,2025-02-22,2025-02-25,SKU-HB001,USB-C Hub 7-port,Tillbehör,1,549.0,stockholm,private,invoice,KND-78207,delivered,Snabb leverans och produkten är fantastisk!,2025-03-08,4.0,positive
ORD-2025-00035,ORD-2025-00035-1,2025-02-09,2025-02-12,SKU-SD001,Extern SSD 1TB,Lagring,3,1199.0,mlm,business,swish,KND-75241,delivered,Bästa tangentbordet jag haft. Rekommenderar!,2025-02-26,4.0,positive
ORD-2025-00035,ORD-2025-00035-2,2025-02-09,2025-02-12,SKU-KB001,Mekaniskt Tangentbord K7,Tillbehör,2,1299.0,malmö,business,swish,KND-75241,delivered,"Leverans på två dagar, imponerad!",2025-02-14,4.0,positive
ORD-2025-00035,ORD-2025-00035-3,2025-02-09,2025-02-12,SKU-MN003,"Bildskärm 32"" Curved",Bildskärmar,1,5999.0,malmö,corp,swish,KND-75241,delivered,,,4.0,neutral
ORD-2025-00035,ORD-2025-00035-4,2025-02-09,2025-02-12,SKU-SD002,Extern SSD 500GB,Lagring,1,699.0,malmö,business,swish,KND-75241,delivered,,,4.0,neutral
ORD-2025-00035,ORD-2025-00035-5,2025-02-09,2025-02-12,SKU-HB001,USB-C Hub 7-port,Tillbehör,1,549.0,malmö,business,swish,KND-75241,delivered,,,4.0,neutral
ORD-2025-00036,ORD-2025-00036-1,2025-01-27,2025-01-29,SKU-HS001,Headset Pro ANC,Ljud,1,1899.0,göteborg,private,swish,KND-26380,delivered,,,4.0,neutral
ORD-2025-00037,ORD-2025-00037-1,2025-02-21,2025-02-24,SKU-HB001,USB-C Hub 7-port,Tillbehör,1,549.0,,consumer,invoice,KND-74132,delivered,Riktigt nöjd! Använder den dagligen.,2025-03-06,5.0,positive
ORD-2025-00037,ORD-2025-00037-2,2025-02-21,2025-02-24,SKU-MS002,Ergonomisk Mus Pro,Tillbehör,1,699.0,malmö,private,invoice,KND-74132,delivered,Helt underbar kvalitet för pengarna.,2025-03-08,4.0,negative
ORD-2025-00038,ORD-2025-00038-1,2025-01-31,2025-02-04,SKU-MS001,Trådlös Mus X1,Tillbehör,1,399.0,uppsala,private,card,KND-74041,delivered,Överträffade mina förväntningar. 5 av 5!,2025-02-13,5.0,positive
ORD-2025-00039,ORD-2025-00039-1,2025-01-05,2025-01-07,SKU-WC001,Webbkamera HD,Tillbehör,1,799.0,göteborg,private,swish,KND-31441,delivered,Toppen! Exakt vad jag behövde.,2025-01-16,5.0,positive
ORD-2025-00040,ORD-2025-00040-1,2025-02-21,2025-02-23,SKU-MN001,"Bildskärm 27"" UHD",Bildskärmar,1,4999.0,g-borg,private,swish,KND-92123,delivered,,,4.0,neutral
ORD-2025-00040,ORD-2025-00040-2,2025-02-21,2025-02-23,SKU-LP002,Laptop Budget 14,Datorer,2,7999.0,göteborg,kund,swish,KND-92123,delivered,,,4.0,neutral
ORD-2025-00040,ORD-2025-00040-3,2025-02-21,2025-02-23,SKU-SD002,Extern SSD 500GB,Lagring,1,699.0,g-borg,private,swish,KND-92123,delivered,"Leverans på två dagar, imponerad!",2025-02-26,4.0,positive
ORD-2025-00041,ORD-2025-00041-1,2025-02-05,2025-02-08,SKU-KB002,Kompakt Tangentbord Mini,Tillbehör,2,599.0,stockholm,private,card,KND-36343,delivered,,,4.0,neutral
ORD-2025-00042,ORD-2025-00042-1,2025-01-01,2025-01-04,SKU-HS001,Headset Pro ANC,Ljud,1,1899.0,stockholm,private,card,KND-71185,delivered,,,4.0,neutral
ORD-2025-00042,ORD-2025-00042-2,2025-01-01,2025-01-04,SKU-HB001,USB-C Hub 7-port,Tillbehör,1,549.0,stockholm,private,card,KND-71185,delivered,"Förväntade mig mer för priset, men den duger.",2025-01-10,3.0,neutral
ORD-2025-00043,ORD-2025-00043-1,2025-02-22,2025-02-25,SKU-LP003,Laptop Gaming X,Datorer,2,18999.0,stockholm,business,invoice,KND-38152,delivered,Super! Kommer definitivt handla här igen.,2025-03-13,4.0,positive
ORD-2025-00043,ORD-2025-00043-2,2025-02-25,2025-02-28,SKU-MN003,"Bildskärm 32"" Curved",Bildskärmar,3,5999.0,stockholm,business,invoice,KND-38152,delivered,,,4.0,neutral
ORD-2025-00043,ORD-2025-00043-3,2025-02-25,2025-02-28,SKU-SD001,Extern SSD 1TB,Lagring,1,1199.0,stockholm,business,invoice,KND-38152,delivered,Super! Kommer definitivt handla här igen.,2025-03-13,4.0,positive
ORD-2025-00044,ORD-2025-00044-1,2025-02-02,2025-02-05,SKU-SD002,Extern SSD 500GB,Lagring,1,699.0,stckhlm,private,swish,KND-80707,delivered,,,4.0,neutral
ORD-2025-00045,ORD-2025-00045-1,2025-01-29,2025-02-05,SKU-LP001,Laptop Pro 15,Datorer,2,14999.0,norrland,business,invoice,KND-73258,delivered,,,4.0,neutral
ORD-2025-00045,ORD-2025-00045-2,2025-01-29,2025-02-05,SKU-SD001,Extern SSD 1TB,Lagring,5,1199.0,norrland,business,invoice,KND-73258,delivered,Mycket sämre kvalitet än förväntat.,2025-02-10,1.0,neutral
ORD-2025-00045,ORD-2025-00045-3,2025-01-29,2025-02-05,SKU-KB001,Mekaniskt Tangentbord K7,Tillbehör,10,1299.0,norrland,business,invoice,KND-73258,delivered,,,4.0,neutral
ORD-2025-00045,ORD-2025-00045-4,2025-01-29,2025-02-05,SKU-LP003,Laptop Gaming X,Datorer,3,18999.0,norrland,business,invoice,KND-73258,delivered,,,4.0,neutral
ORD-2025-00045,ORD-2025-00045-5,2025-01-28,2025-01-29,SKU-MS002,Ergonomisk Mus Pro,Tillbehör,1,699.0,norrland,business,invoice,KND-73258,delivered,,,4.0,neutral
ORD-2025-00046,ORD-2025-00046-1,2025-01-25,2025-01-28,SKU-HB001,USB-C Hub 7-port,Tillbehör,1,549.0,stockholm,private,card,KND-65731,delivered,Mycket sämre kvalitet än förväntat.,2025-02-05,2.0,neutral
ORD-2025-00046,ORD-2025-00046-2,2025-01-25,2025-01-28,SKU-KB001,Mekaniskt Tangentbord K7,Tillbehör,1,1299.0,stockholm,private,card,KND-65731,delivered,,,4.0,neutral
ORD-2025-00047,ORD-2025-00047-1,2025-02-14,2025-02-17,SKU-MN001,"Bildskärm 27"" UHD",Bildskärmar,1,4999.0,,private,card,KND-57125,delivered,Super! Kommer definitivt handla här igen.,2025-03-03,5.0,positive
ORD-2025-00047,ORD-2025-00047-2,2025-02-14,2025-02-17,SKU-MS002,Ergonomisk Mus Pro,Tillbehör,2,699.0,mlm,private,card,KND-57125,delivered,,,4.0,neutral
ORD-2025-00048,ORD-2025-00048-1,,2025-02-05,SKU-MS002,Ergonomisk Mus Pro,Tillbehör,1,699.0,stockholm,private,swish,KND-16608,delivered,Produkten gick sönder efter en månad.,2025-02-09,2.0,negative
ORD-2025-00048,ORD-2025-00048-2,2025-02-03,2025-02-05,SKU-MN002,"Bildskärm 24"" FHD",Bildskärmar,1,2499.0,stockholm,private,swish,KND-16608,delivered,,,4.0,neutral
ORD-2025-00049,ORD-2025-00049-1,2025-01-11,2025-01-13,SKU-MN003,"Bildskärm 32"" Curved",Bildskärmar,1,5999.0,stockholm,private,swish,KND-19162,delivered,,,4.0,neutral
ORD-2025-00049,ORD-2025-00049-2,2025-01-11,2025-01-13,SKU-KB001,Mekaniskt Tangentbord K7,Tillbehör,1,1299.0,sthlm.,private,swish,KND-19162,delivered,,,4.0,neutral
ORD-2025-00050,ORD-2025-00050-1,2025-02-07,2025-02-09,SKU-MS002,Ergonomisk Mus Pro,Tillbehör,1,699.0,stockolm,private,unknown,KND-16916,in_transit,,,4.0,neutral
ORD-2025-00050,ORD-2025-00050-2,2025-02-07,2025-02-09,SKU-HS002,Headset Budget,Ljud,1,499.0,stockholm,private,unknown,KND-16916,in_transit,,,4.0,neutral
ORD-2025-00051,ORD-2025-00051-1,2025-01-07,2025-01-09,SKU-MS002,Ergonomisk Mus Pro,Tillbehör,2,699.0,stockholm,business,swish,KND-26911,delivered,,,4.0,neutral
ORD-2025-00051,ORD-2025-00051-2,2025-01-07,2025-01-09,SKU-MN003,"Bildskärm 32"" Curved",Bildskärmar,1,5999.0,stockholm,business,swish,KND-26911,received,,,4.0,neutral
ORD-2025-00052,ORD-2025-00052-1,2025-02-21,2025-02-27,SKU-WC001,Webbkamera HD,Tillbehör,1,799.0,norrland,private,swish,KND-85130,delivered,Toppen! Exakt vad jag behövde.,2025-03-04,5.0,positive
ORD-2025-00052,ORD-2025-00052-2,2025-02-21,2025-02-27,SKU-LP001,Laptop Pro 15,Datorer,2,14999.0,norrland,private,swish,KND-85130,received,,,4.0,neutral
ORD-2025-00053,ORD-2025-00053-1,2025-01-26,2025-01-28,SKU-LP003,Laptop Gaming X,Datorer,1,18999.0,stockholm,private,swish,KND-27000,delivered,Toppen! Exakt vad jag behövde.,2025-02-01,5.0,positive
ORD-2025-00054,ORD-2025-00054-1,2025-02-21,2025-02-24,SKU-MS001,Trådlös Mus X1,Tillbehör,2,399.0,stockholm,private,invoice,KND-75168,delivered,,,4.0,neutral
ORD-2025-00055,ORD-2025-00055-1,2025-02-05,2025-02-08,SKU-MN003,"Bildskärm 32"" Curved",Bildskärmar,1,5999.0,göteborg,private,card,KND-13340,delivered,Prisvärt och bra kvalitet. Kommer köpa igen.,2025-02-17,5.0,positive
ORD-2025-00056,ORD-2025-00056-1,2025-02-25,2025-02-28,SKU-HS001,Headset Pro ANC,Ljud,1,1899.0,,private,swish,KND-89462,sent,Super! Kommer definitivt handla här igen.,2025-03-06,4.0,positive
ORD-2025-00057,ORD-2025-00057-1,2025-01-06,2025-01-08,SKU-LP001,Laptop Pro 15,Datorer,1,14999.0,göteborg,private,card,KND-58685,delivered,Bästa tangentbordet jag haft. Rekommenderar!,2025-01-20,4.0,positive
ORD-2025-00058,ORD-2025-00058-1,2025-01-01,2025-01-04,SKU-KB001,Mekaniskt Tangentbord K7,Tillbehör,1,1299.0,stckhlm,private,card,KND-57201,delivered,,,4.0,neutral
ORD-2025-00059,ORD-2025-00059-1,2025-01-10,2025-01-12,SKU-LP002,Laptop Budget 14,Datorer,1,7999.0,malmö,private,card,KND-93287,received,,,4.0,neutral
ORD-2025-00060,ORD-2025-00060-1,2025-02-18,2025-02-25,SKU-KB001,Mekaniskt Tangentbord K7,Tillbehör,1,1299.0,norrland,private,swish,KND-24343,delivered,,,4.0,neutral
ORD-2025-00061,ORD-2025-00061-1,2025-01-29,2025-02-01,SKU-MS002,Ergonomisk Mus Pro,Tillbehör,1,699.0,göteborg,private,swish,KND-69902,delivered,"Smidigt att beställa, produkten kom snabbt och fungerar perfekt.",2025-02-08,5.0,positive
ORD-2025-00061,ORD-2025-00061-2,2025-01-29,2025-02-01,SKU-WC001,Webbkamera HD,Tillbehör,1,799.0,goteborg,private,swish,KND-69902,delivered,Bra pris och hög kvalitet. Nöjd kund!,2025-02-06,5.0,positive
ORD-2025-00062,ORD-2025-00062-1,2025-02-19,2025-02-21,SKU-KB001,Mekaniskt Tangentbord K7,Tillbehör,1,1299.0,malmö,private,swish,KND-15929,returned,Kan varmt rekommendera denna produkt.,2025-02-26,4.0,positive
ORD-2025-00062,ORD-2025-00062-2,2025-02-19,2025-02-21,SKU-SD001,Extern SSD 1TB,Lagring,1,1199.0,,private,swish,KND-15929,returned,Överträffade mina förväntningar. 5 av 5!,2025-03-02,5.0,positive
ORD-2025-00063,ORD-2025-00063-1,2025-02-21,2025-02-24,SKU-WC001,Webbkamera HD,Tillbehör,2,799.0,stockholm,kund,card,KND-31921,delivered,"Fungerar utmärkt, inga problem alls.",2025-02-28,4.0,positive
ORD-2025-00064,ORD-2025-00064-1,2025-02-11,2025-02-13,SKU-MN001,"Bildskärm 27"" UHD",Bildskärmar,2,4999.0,malmö,corp,invoice,KND-47137,delivered,,,4.0,neutral
ORD-2025-00065,ORD-2025-00065-1,2025-02-21,2025-02-24,SKU-HS002,Headset Budget,Ljud,2,499.0,malmö,business,invoice,KND-36449,delivered,,,4.0,neutral
ORD-2025-00065,ORD-2025-00065-2,2025-02-21,2025-02-24,SKU-HS002,Headset Budget,Ljud,3,499.0,malmö,business,invoice,KND-36449,delivered,Väntade i över en vecka på leveransen. Oacceptabelt.,2025-03-10,1.0,negative
ORD-2025-00065,ORD-2025-00065-3,2025-02-21,2025-02-24,SKU-SP001,Bluetooth-högtalare,Ljud,2,899.0,malmö,business,unknown,KND-36449,delivered,Dålig kundservice när jag försökte reklamera.,2025-03-05,1.0,negative
ORD-2025-00065,ORD-2025-00065-4,2025-02-21,2025-02-24,SKU-MS002,Ergonomisk Mus Pro,Tillbehör,5,699.0,malmö,business,invoice,KND-36449,delivered,,,4.0,neutral
ORD-2025-00066,ORD-2025-00066-1,2025-02-06,2025-02-09,SKU-MN002,"Bildskärm 24"" FHD",Bildskärmar,1,2499.0,stckhlm,person,swish,KND-48682,delivered,Helt underbar kvalitet för pengarna.,2025-02-14,5.0,negative
ORD-2025-00066,ORD-2025-00066-2,2025-02-06,2025-02-09,SKU-SD001,Extern SSD 1TB,Lagring,1,1199.0,stockholm,private,swish,KND-48682,delivered,,,4.0,neutral
ORD-2025-00067,ORD-2025-00067-1,2025-02-01,2025-02-04,SKU-HS001,Headset Pro ANC,Ljud,1,1899.0,stockholm,business,invoice,KND-88653,delivered,,,4.0,neutral
ORD-2025-00067,ORD-2025-00067-2,2025-02-01,2025-02-04,SKU-LP003,Laptop Gaming X,Datorer,1,18999.0,stockholm,business,invoice,KND-88653,delivered,Överträffade mina förväntningar. 5 av 5!,2025-02-13,4.0,positive
ORD-2025-00067,ORD-2025-00067-3,2025-02-01,2025-02-04,SKU-LP001,Laptop Pro 15,Datorer,1,14999.0,stockholm,business,invoice,KND-88653,delivered,Skärmen hade repor när den kom. Förpackningen var skadad.,2025-02-18,1.0,negative
ORD-2025-00067,ORD-2025-00067-4,2025-02-01,2025-02-04,SKU-KB002,Kompakt Tangentbord Mini,Tillbehör,1,599.0,stockholm,business,invoice,KND-88653,delivered,Kan varmt rekommendera denna produkt.,2025-02-13,4.0,positive
ORD-2025-00067,ORD-2025-00067-5,2025-02-01,2025-02-04,SKU-HS001,Headset Pro ANC,Ljud,3,1899.0,,business,invoice,KND-88653,delivered,,,4.0,neutral
ORD-2025-00068,ORD-2025-00068-1,2025-01-08,2025-01-10,SKU-WC001,Webbkamera HD,Tillbehör,1,799.0,stockholm,private,swish,KND-73770,delivered,,,4.0,neutral
ORD-2025-00069,ORD-2025-00069-1,2025-02-04,2025-02-08,SKU-LP001,Laptop Pro 15,Datorer,1,14999.0,örebro,private,card,KND-59624,delivered,Varken bra eller dåligt. Fungerar.,2025-02-13,3.0,positive
ORD-2025-00070,ORD-2025-00070-1,2025-01-31,2025-02-03,SKU-KB002,Kompakt Tangentbord Mini,Tillbehör,2,599.0,örebro,private,invoice,KND-44039,unknown,,,4.0,neutral
ORD-2025-00071,ORD-2025-00071-1,2025-01-19,2025-01-22,SKU-KB001,Mekaniskt Tangentbord K7,Tillbehör,2,1299.0,malmö,person,card,KND-93360,delivered,,,4.0,neutral
ORD-2025-00072,ORD-2025-00072-1,2025-02-28,2025-03-02,SKU-MS001,Trådlös Mus X1,Tillbehör,1,399.0,stockholm,private,swish,KND-78587,delivered,,,4.0,neutral
ORD-2025-00073,ORD-2025-00073-1,2025-01-09,2025-01-11,SKU-MS002,Ergonomisk Mus Pro,Tillbehör,1,699.0,sthlm.,private,swish,KND-59751,delivered,,,4.0,neutral
ORD-2025-00074,ORD-2025-00074-1,2025-01-24,2025-01-25,SKU-KB002,Kompakt Tangentbord Mini,Tillbehör,1,599.0,mlm,private,card,KND-33382,returned,,,4.0,neutral
ORD-2025-00074,ORD-2025-00074-2,2025-01-25,2025-01-28,SKU-WC001,Webbkamera HD,Tillbehör,1,799.0,malmö,private,card,KND-33382,returned,Prisvärt och bra kvalitet. Kommer köpa igen.,2025-01-29,5.0,positive
ORD-2025-00075,ORD-2025-00075-1,2025-02-26,2025-03-01,SKU-HB001,USB-C Hub 7-port,Tillbehör,1,549.0,örebro,private,card,KND-22661,delivered,Stämmer inte överens med produktbeskrivningen.,2025-03-10,2.0,negative
ORD-2025-00075,ORD-2025-00075-2,2025-02-26,2025-03-01,SKU-SD001,Extern SSD 1TB,Lagring,1,1199.0,örebro,private,card,KND-22661,delivered,,,4.0,neutral
ORD-2025-00076,ORD-2025-00076-1,2025-01-03,2025-01-07,SKU-HB001,USB-C Hub 7-port,Tillbehör,1,549.0,uppsala,private,invoice,KND-33516,delivered,Fantastisk produkt! Fungerar precis som utlovat.,2025-01-17,4.0,positive
ORD-2025-00077,ORD-2025-00077-1,2025-01-01,2025-01-03,SKU-HB001,USB-C Hub 7-port,Tillbehör,2,549.0,stockholm,private,card,KND-44701,returned,Mycket nöjd med köpet. Snabb leverans också!,2025-01-01,4.0,positive
ORD-2025-00078,ORD-2025-00078-1,2025-01-14,2025-01-17,SKU-HB001,USB-C Hub 7-port,Tillbehör,1,549.0,,private,card,KND-71381,delivered,,,4.0,neutral
ORD-2025-00079,ORD-2025-00079-1,2025-01-02,2025-01-04,SKU-MS001,Trådlös Mus X1,Tillbehör,2,399.0,stockholm,private,card,KND-84890,delivered,,,4.0,neutral
ORD-2025-00079,ORD-2025-00079-2,,2025-01-04,SKU-SD002,Extern SSD 500GB,Lagring,2,699.0,stockholm,private,card,KND-84890,delivered,Prisvärt och bra kvalitet. Kommer köpa igen.,2025-01-16,5.0,positive
ORD-2025-00080,ORD-2025-00080-1,2025-02-19,2025-02-23,SKU-SD002,Extern SSD 500GB,Lagring,1,699.0,uppsala,private,swish,KND-41429,delivered,Skärmen hade repor när den kom. Förpackningen var skadad.,2025-03-05,1.0,negative
ORD-2025-00081,ORD-2025-00081-1,2025-02-01,2025-02-05,SKU-LP002,Laptop Budget 14,Datorer,1,7999.0,linköping,private,invoice,KND-49555,delivered,Bästa tangentbordet jag haft. Rekommenderar!,2025-02-14,5.0,positive
ORD-2025-00081,ORD-2025-00081-2,2025-02-01,2025-02-05,SKU-SD001,Extern SSD 1TB,Lagring,1,1199.0,linköping,private,invoice,KND-49555,delivered,"Helt okej, gör vad den ska.",2025-02-11,3.0,neutral
ORD-2025-00082,ORD-2025-00082-1,2025-02-18,2025-02-20,SKU-SD001,Extern SSD 1TB,Lagring,1,1199.0,göteborg,consumer,card,KND-53694,delivered,,,4.0,neutral
ORD-2025-00082,ORD-2025-00082-2,2025-02-18,2025-02-20,SKU-MS001,Trådlös Mus X1,Tillbehör,1,399.0,göteborg,private,card,KND-53694,delivered,Toppen! Exakt vad jag behövde.,2025-02-22,4.0,positive
ORD-2025-00083,ORD-2025-00083-1,2025-01-21,2025-01-23,SKU-MN002,"Bildskärm 24"" FHD",Bildskärmar,1,2499.0,goteborg,private,swish,KND-53732,delivered,Bra pris och hög kvalitet. Nöjd kund!,2025-02-04,4.0,positive
ORD-2025-00084,ORD-2025-00084-1,2025-02-02,2025-02-05,SKU-MS002,Ergonomisk Mus Pro,Tillbehör,2,699.0,västerås,business,card,KND-24275,delivered,,,4.0,neutral
ORD-2025-00085,ORD-2025-00085-1,2025-01-14,2025-01-17,SKU-MN003,"Bildskärm 32"" Curved",Bildskärmar,2,5999.0,göteborg,consumer,invoice,KND-94045,delivered,Helt underbar kvalitet för pengarna.,2025-01-20,4.0,negative
ORD-2025-00085,ORD-2025-00085-2,2025-01-14,2025-01-17,SKU-MS001,Trådlös Mus X1,Tillbehör,1,399.0,göteborg,private,invoice,KND-94045,delivered,,,4.0,neutral
ORD-2025-00085,ORD-2025-00085-3,2025-01-14,2025-01-17,SKU-LP002,Laptop Budget 14,Datorer,1,7999.0,göteborg,private,invoice,KND-94045,delivered,Varken bra eller dåligt. Fungerar.,2025-01-30,3.0,positive
ORD-2025-00086,ORD-2025-00086-1,2025-02-20,2025-02-23,SKU-WC001,Webbkamera HD,Tillbehör,1,799.0,stockolm,private,swish,KND-85001,delivered,Kan varmt rekommendera denna produkt.,2025-03-03,4.0,positive
ORD-2025-00086,ORD-2025-00086-2,2025-02-20,2025-02-23,SKU-SP001,Bluetooth-högtalare,Ljud,1,899.0,stockolm,private,unknown,KND-85001,received,,,4.0,neutral
ORD-2025-00087,ORD-2025-00087-1,2025-02-10,2025-02-12,SKU-WC001,Webbkamera HD,Tillbehör,1,799.0,malmö,private,card,KND-89140,delivered,"Fungerar utmärkt, inga problem alls.",2025-02-26,4.0,positive
ORD-2025-00087,ORD-2025-00087-2,2025-02-10,2025-02-12,SKU-LP001,Laptop Pro 15,Datorer,2,14999.0,malmoe,private,card,KND-89140,delivered,,,4.0,neutral
ORD-2025-00088,ORD-2025-00088-1,2025-01-16,2025-01-18,SKU-MS001,Trådlös Mus X1,Tillbehör,1,399.0,stockholm,private,card,KND-65393,unknown,,,4.0,neutral
ORD-2025-00088,ORD-2025-00088-2,2025-01-16,2025-01-18,SKU-MN002,"Bildskärm 24"" FHD",Bildskärmar,1,2499.0,stockholm,private,card,KND-65393,delivered,Helt underbar kvalitet för pengarna.,2025-01-29,5.0,negative
ORD-2025-00089,ORD-2025-00089-1,2025-01-05,2025-01-08,SKU-KB001,Mekaniskt Tangentbord K7,Tillbehör,1,1299.0,gåteborg,private,swish,KND-94769,received,,,4.0,neutral
ORD-2025-00090,ORD-2025-00090-1,2025-01-03,2025-01-06,SKU-LP001,Laptop Pro 15,Datorer,1,14999.0,västerås,private,swish,KND-45333,delivered,,,4.0,neutral
ORD-2025-00091,ORD-2025-00091-1,2025-01-30,2025-02-01,SKU-SD002,Extern SSD 500GB,Lagring,1,699.0,stockholm,private,swish,KND-36560,returned,,,4.0,neutral
ORD-2025-00091,ORD-2025-00091-2,2025-02-01,2025-02-04,SKU-HB001,USB-C Hub 7-port,Tillbehör,1,549.0,sthlm.,private,swish,KND-36560,returned,Okej produkt för pengarna.,2025-02-08,3.0,neutral
ORD-2025-00092,ORD-2025-00092-1,2025-01-05,2025-01-07,SKU-WC001,Webbkamera HD,Tillbehör,1,799.0,göteborg,private,invoice,KND-70801,delivered,,,4.0,neutral
ORD-2025-00093,ORD-2025-00093-1,2025-01-24,2025-01-27,SKU-WC001,Webbkamera HD,Tillbehör,2,799.0,göteborg,private,unknown,KND-74669,delivered,,,4.0,neutral
ORD-2025-00094,ORD-2025-00094-1,2025-02-18,2025-02-21,SKU-MS002,Ergonomisk Mus Pro,Tillbehör,1,699.0,örebro,private,card,KND-38589,returned,Toppen! Exakt vad jag behövde.,2025-02-27,4.0,positive
ORD-2025-00095,ORD-2025-00095-1,2025-02-22,2025-02-24,SKU-MS002,Ergonomisk Mus Pro,Tillbehör,1,699.0,stockholm,private,card,KND-18857,delivered,,,4.0,neutral
ORD-2025-00096,ORD-2025-00096-1,2025-02-17,2025-02-21,SKU-HB001,USB-C Hub 7-port,Tillbehör,1,549.0,uppsala,private,card,KND-79998,returned,Snabb leverans och produkten är fantastisk!,2025-02-22,4.0,positive
ORD-2025-00097,ORD-2025-00097-1,2025-01-30,2025-02-01,SKU-MS001,Trådlös Mus X1,Tillbehör,1,399.0,stockholm,private,card,KND-87213,delivered,,,4.0,neutral
ORD-2025-00098,ORD-2025-00098-1,2025-01-10,2025-01-13,SKU-SP001,Bluetooth-högtalare,Ljud,1,899.0,malmö,private,card,KND-55219,delivered,"Leveransen tog lite längre än utlovat, men produkten är ok.",2025-01-16,3.0,neutral
ORD-2025-00175,ORD-2025-00175-5,2025-02-02,2025-02-04,SKU-KB002,Kompakt Tangentbord Mini,Tillbehör,1,599.0,göteborg,business,invoice,KND-97318,delivered,"Smidigt att beställa, produkten kom snabbt och fungerar perfekt.",2025-02-06,5.0,positive
ORD-2025-00098,ORD-2025-00098-2,2025-01-10,2025-01-13,SKU-KB001,Mekaniskt Tangentbord K7,Tillbehör,1,1299.0,malmö,private,card,KND-55219,sent,,,4.0,neutral
ORD-2025-00099,ORD-2025-00099-1,2025-01-05,2025-01-09,SKU-HB001,USB-C Hub 7-port,Tillbehör,1,549.0,linköping,private,unknown,KND-25068,delivered,"Fungerar utmärkt, inga problem alls.",2025-01-08,4.0,positive
ORD-2025-00100,ORD-2025-00100-1,2025-02-16,2025-02-18,SKU-MS001,Trådlös Mus X1,Tillbehör,1,399.0,göteborg,kund,card,KND-56947,delivered,,,4.0,neutral
ORD-2025-00101,ORD-2025-00101-1,2025-01-06,2025-01-10,SKU-SD002,Extern SSD 500GB,Lagring,5,699.0,uppsala,business,card,KND-58529,delivered,Snabb leverans och produkten är fantastisk!,2025-01-21,5.0,positive
ORD-2025-00102,ORD-2025-00102-1,2025-01-03,2025-01-05,SKU-LP003,Laptop Gaming X,Datorer,1,18999.0,stockholm,private,card,KND-60538,returned,Super! Kommer definitivt handla här igen.,2025-01-06,4.0,positive
ORD-2025-00103,ORD-2025-00103-1,2025-02-21,2025-02-23,SKU-KB001,Mekaniskt Tangentbord K7,Tillbehör,1,1299.0,,business,unknown,KND-24002,delivered,Snabb leverans och produkten är fantastisk!,2025-02-28,5.0,positive
ORD-2025-00103,ORD-2025-00103-2,2025-02-21,2025-02-23,SKU-MN002,"Bildskärm 24"" FHD",Bildskärmar,2,2499.0,göteborg,business,invoice,KND-24002,delivered,Riktigt nöjd! Använder den dagligen.,2025-03-03,4.0,positive
ORD-2025-00103,ORD-2025-00103-3,2025-02-21,2025-02-23,SKU-HS002,Headset Budget,Ljud,1,499.0,göteborg,business,unknown,KND-24002,delivered,,,4.0,neutral
ORD-2025-00104,ORD-2025-00104-1,2025-01-16,2025-01-20,SKU-KB002,Kompakt Tangentbord Mini,Tillbehör,1,599.0,västerås,private,invoice,KND-61623,delivered,Super! Kommer definitivt handla här igen.,2025-01-25,5.0,positive
ORD-2025-00105,ORD-2025-00105-1,2025-02-10,2025-02-13,SKU-LP001,Laptop Pro 15,Datorer,1,14999.0,stockholm,private,swish,KND-58334,delivered,Prisvärt och bra kvalitet. Kommer köpa igen.,2025-02-24,5.0,positive
ORD-2025-00106,ORD-2025-00106-1,2025-01-13,2025-01-18,SKU-WC001,Webbkamera HD,Tillbehör,1,799.0,norrland,consumer,card,KND-99634,delivered,"Leverans på två dagar, imponerad!",2025-01-24,5.0,positive
ORD-2025-00107,ORD-2025-00107-1,2025-01-01,2025-01-04,SKU-MS002,Ergonomisk Mus Pro,Tillbehör,1,699.0,göteborg,private,swish,KND-57479,returned,,,4.0,neutral
ORD-2025-00108,ORD-2025-00108-1,2025-01-08,2025-01-11,SKU-MN002,"Bildskärm 24"" FHD",Bildskärmar,1,2499.0,uppsala,private,swish,KND-36678,delivered,Överträffade mina förväntningar. 5 av 5!,2025-01-15,4.0,positive
ORD-2025-00108,ORD-2025-00108-2,2025-01-08,2025-01-11,SKU-SD001,Extern SSD 1TB,Lagring,1,1199.0,uppsala,private,swish,KND-36678,delivered,,,4.0,neutral
ORD-2025-00108,ORD-2025-00108-3,2025-01-08,2025-01-11,SKU-SD001,Extern SSD 1TB,Lagring,1,1199.0,uppsala,private,swish,KND-36678,received,Produkten gick sönder efter en månad.,2025-01-21,1.0,negative
ORD-2025-00109,ORD-2025-00109-1,2025-02-05,2025-02-08,SKU-MN001,"Bildskärm 27"" UHD",Bildskärmar,1,4999.0,stocholm,private,card,KND-92799,delivered,,,4.0,neutral
ORD-2025-00110,ORD-2025-00110-1,2025-01-03,2025-01-05,SKU-MN003,"Bildskärm 32"" Curved",Bildskärmar,1,5999.0,goteborg,private,invoice,KND-17524,delivered,,,4.0,neutral
ORD-2025-00111,ORD-2025-00111-1,2025-02-22,2025-02-25,SKU-SD002,Extern SSD 500GB,Lagring,3,699.0,stockholm,business,invoice,KND-23818,returned,Trasig förpackning och skadad produkt.,2025-03-05,2.0,negative
ORD-2025-00111,ORD-2025-00111-2,2025-02-19,2025-02-22,SKU-SD001,Extern SSD 1TB,Lagring,1,1199.0,stockholm,business,invoice,KND-23818,returned,,,4.0,neutral
ORD-2025-00212,ORD-2025-00212-2,2025-01-12,2025-01-14,SKU-MN003,"Bildskärm 32"" Curved",Bildskärmar,1,5999.0,stockholm,private,invoice,KND-10387,delivered,"Fungerar utmärkt, inga problem alls.",2025-01-26,4.0,positive
ORD-2025-00112,ORD-2025-00112-1,2025-02-27,2025-03-01,SKU-KB001,Mekaniskt Tangentbord K7,Tillbehör,1,1299.0,malmö,consumer,card,KND-16497,delivered,Riktigt nöjd! Använder den dagligen.,2025-03-07,5.0,positive
ORD-2025-00113,ORD-2025-00113-1,2025-02-14,2025-02-16,SKU-LP001,Laptop Pro 15,Datorer,1,14999.0,malmö,private,swish,KND-42712,delivered,Riktigt nöjd! Använder den dagligen.,2025-02-19,4.0,positive
ORD-2025-00113,ORD-2025-00113-2,2025-02-14,2025-02-16,SKU-KB002,Kompakt Tangentbord Mini,Tillbehör,1,599.0,malmö,person,swish,KND-42712,delivered,,,4.0,neutral
ORD-2025-00114,ORD-2025-00114-1,2025-02-20,2025-02-24,SKU-SD002,Extern SSD 500GB,Lagring,1,699.0,örebro,private,card,KND-47600,delivered,Prisvärt och bra kvalitet. Kommer köpa igen.,2025-03-06,4.0,positive
ORD-2025-00115,ORD-2025-00115-1,2025-01-11,2025-01-14,SKU-HB001,USB-C Hub 7-port,Tillbehör,1,549.0,stckhlm,kund,swish,KND-51817,delivered,Bästa tangentbordet jag haft. Rekommenderar!,2025-01-21,4.0,positive
ORD-2025-00116,ORD-2025-00116-1,2025-02-21,2025-02-23,SKU-KB002,Kompakt Tangentbord Mini,Tillbehör,1,599.0,stockholm,private,swish,KND-87450,delivered,,,4.0,neutral
ORD-2025-00117,ORD-2025-00117-1,2025-01-24,2025-01-26,SKU-MN002,"Bildskärm 24"" FHD",Bildskärmar,2,2499.0,stockholm,business,invoice,KND-66395,delivered,Skärmen flimrar ibland. Inte acceptabelt för priset.,2025-02-05,1.0,negative
ORD-2025-00117,ORD-2025-00117-2,2025-01-24,2025-01-26,SKU-MN003,"Bildskärm 32"" Curved",Bildskärmar,2,5999.0,stockholm,business,invoice,KND-66395,delivered,"Fungerar utmärkt, inga problem alls.",2025-01-27,5.0,positive
ORD-2025-00118,ORD-2025-00118-1,2025-01-08,2025-01-10,SKU-SP001,Bluetooth-högtalare,Ljud,2,899.0,göteborg,business,invoice,KND-78061,delivered,Prisvärt och bra kvalitet. Kommer köpa igen.,2025-01-18,4.0,positive
ORD-2025-00118,ORD-2025-00118-2,2025-01-08,2025-01-10,SKU-LP003,Laptop Gaming X,Datorer,10,18999.0,göteborg,business,invoice,KND-78061,delivered,,,4.0,neutral
ORD-2025-00118,ORD-2025-00118-3,2025-01-08,2025-01-10,SKU-MN002,"Bildskärm 24"" FHD",Bildskärmar,10,2499.0,göteborg,business,invoice,KND-78061,delivered,"Smidigt att beställa, produkten kom snabbt och fungerar perfekt.",2025-01-21,5.0,positive
ORD-2025-00119,ORD-2025-00119-1,2025-01-17,2025-01-19,SKU-MS001,Trådlös Mus X1,Tillbehör,1,399.0,stockholm,private,card,KND-62520,delivered,,,4.0,neutral
ORD-2025-00119,ORD-2025-00119-2,2025-01-17,2025-01-19,SKU-SD001,Extern SSD 1TB,Lagring,1,1199.0,stocholm,private,card,KND-62520,delivered,"Smidigt att beställa, produkten kom snabbt och fungerar perfekt.",2025-01-25,5.0,positive
ORD-2025-00120,ORD-2025-00120-1,2025-02-17,2025-02-21,SKU-SD002,Extern SSD 500GB,Lagring,1,699.0,örebro,private,invoice,KND-47989,delivered,,,4.0,neutral
ORD-2025-00121,ORD-2025-00121-1,2025-01-04,2025-01-07,SKU-HS001,Headset Pro ANC,Ljud,1,1899.0,stockholm,private,swish,KND-21764,returned,,,4.0,neutral
ORD-2025-00122,ORD-2025-00122-1,2025-02-01,2025-02-03,SKU-SD002,Extern SSD 500GB,Lagring,1,699.0,göteborg,private,invoice,KND-29647,delivered,,,4.0,neutral
ORD-2025-00123,ORD-2025-00123-1,2025-01-01,2025-01-04,SKU-MN003,"Bildskärm 32"" Curved",Bildskärmar,1,5999.0,malmö,business,invoice,KND-80062,delivered,"Gör jobbet, men hade kunnat vara bättre.",2025-01-13,3.0,neutral
ORD-2025-00123,ORD-2025-00123-2,2025-01-01,2025-01-04,SKU-LP002,Laptop Budget 14,Datorer,5,7999.0,malmö,business,invoice,KND-80062,delivered,,,4.0,neutral
ORD-2025-00123,ORD-2025-00123-3,2025-01-01,2025-01-04,SKU-SD002,Extern SSD 500GB,Lagring,3,699.0,malmö,business,invoice,KND-80062,delivered,,,4.0,neutral
ORD-2025-00123,ORD-2025-00123-4,2025-01-01,2025-01-04,SKU-MS001,Trådlös Mus X1,Tillbehör,5,399.0,malmö,business,invoice,KND-80062,delivered,Super! Kommer definitivt handla här igen.,2025-01-11,4.0,positive
ORD-2025-00123,ORD-2025-00123-5,2025-01-01,2025-01-04,SKU-SD001,Extern SSD 1TB,Lagring,1,1199.0,malmö,business,invoice,KND-80062,delivered,"Smidigt att beställa, produkten kom snabbt och fungerar perfekt.",2025-01-08,5.0,positive
ORD-2025-00124,ORD-2025-00124-1,2025-01-08,2025-01-11,SKU-HS001,Headset Pro ANC,Ljud,1,1899.0,örebro,person,card,KND-16469,returned,Mycket sämre kvalitet än förväntat.,2025-01-16,2.0,neutral
ORD-2025-00125,ORD-2025-00125-1,2025-01-10,2025-01-13,SKU-LP001,Laptop Pro 15,Datorer,2,14999.0,uppsala,private,card,KND-14615,delivered,Snabb leverans och produkten är fantastisk!,2025-01-27,5.0,positive
ORD-2025-00126,ORD-2025-00126-1,2025-01-23,2025-01-26,SKU-LP001,Laptop Pro 15,Datorer,1,14999.0,stockholm,person,swish,KND-75770,received,Stämmer inte överens med produktbeskrivningen.,2025-01-28,1.0,negative
ORD-2025-00127,ORD-2025-00127-1,2025-02-11,2025-02-13,SKU-SD002,Extern SSD 500GB,Lagring,1,699.0,stockholm,private,card,KND-17089,delivered,"Fungerar utmärkt, inga problem alls.",2025-02-21,5.0,positive
ORD-2025-00128,ORD-2025-00128-1,2025-01-07,2025-01-11,SKU-HB001,USB-C Hub 7-port,Tillbehör,1,549.0,linköping,private,card,KND-87558,delivered,,,4.0,neutral
ORD-2025-00129,ORD-2025-00129-1,2025-01-19,2025-01-23,SKU-SP001,Bluetooth-högtalare,Ljud,1,899.0,uppsala,private,card,KND-44003,sent,,,4.0,neutral
ORD-2025-00130,ORD-2025-00130-1,2025-02-11,2025-02-13,SKU-LP002,Laptop Budget 14,Datorer,1,7999.0,stockholm,private,invoice,KND-54905,delivered,Kan varmt rekommendera denna produkt.,2025-02-27,4.0,positive
ORD-2025-00131,ORD-2025-00131-1,2025-01-17,2025-01-20,SKU-HS001,Headset Pro ANC,Ljud,1,1899.0,stockholm,private,card,KND-62274,delivered,"Fungerar utmärkt, inga problem alls.",2025-01-26,5.0,positive
ORD-2025-00132,ORD-2025-00132-1,2025-01-02,2025-01-04,SKU-KB002,Kompakt Tangentbord Mini,Tillbehör,1,599.0,stockholm,private,swish,KND-85110,in_transit,,,4.0,neutral
ORD-2025-00133,ORD-2025-00133-1,2025-01-18,2025-01-20,SKU-SD001,Extern SSD 1TB,Lagring,2,1199.0,stckhlm,business,invoice,KND-77516,delivered,Medelmåttig upplevelse.,2025-02-03,3.0,positive
ORD-2025-00134,ORD-2025-00134-1,2025-02-15,2025-02-17,SKU-LP003,Laptop Gaming X,Datorer,1,18999.0,malmö,kund,card,KND-83049,delivered,"Förväntade mig mer för priset, men den duger.",2025-02-21,3.0,neutral
ORD-2025-00135,ORD-2025-00135-1,2025-01-13,2025-01-16,SKU-MN001,"Bildskärm 27"" UHD",Bildskärmar,2,4999.0,stockholm,kund,card,KND-21495,delivered,Mycket sämre kvalitet än förväntat.,2025-01-30,1.0,neutral
ORD-2025-00136,ORD-2025-00136-1,2025-02-13,2025-02-20,SKU-HB001,USB-C Hub 7-port,Tillbehör,1,549.0,norrland,private,invoice,KND-34351,delivered,Helt underbar kvalitet för pengarna.,2025-02-22,5.0,negative
ORD-2025-00137,ORD-2025-00137-1,2025-01-29,2025-01-31,SKU-WC001,Webbkamera HD,Tillbehör,1,799.0,stockholm,private,card,KND-48595,delivered,,,4.0,neutral
ORD-2025-00138,ORD-2025-00138-1,2025-01-27,2025-01-31,SKU-SD002,Extern SSD 500GB,Lagring,3,699.0,västerås,business,invoice,KND-50244,delivered,,,4.0,neutral
ORD-2025-00138,ORD-2025-00138-2,2025-01-25,2025-01-27,SKU-MN001,"Bildskärm 27"" UHD",Bildskärmar,2,4999.0,västerås,business,invoice,KND-50244,delivered,,,4.0,neutral
ORD-2025-00139,ORD-2025-00139-1,2025-02-01,2025-02-03,SKU-LP002,Laptop Budget 14,Datorer,1,7999.0,stockholm,business,invoice,KND-76917,delivered,Genomsnittlig kvalitet. Inget speciellt.,2025-02-16,3.0,neutral
ORD-2025-00139,ORD-2025-00139-2,2025-02-01,2025-02-03,SKU-MN001,"Bildskärm 27"" UHD",Bildskärmar,3,4999.0,stockholm,business,invoice,KND-76917,delivered,,,4.0,neutral
ORD-2025-00140,ORD-2025-00140-1,2025-02-26,2025-03-01,SKU-HS001,Headset Pro ANC,Ljud,5,1899.0,göteborg,business,invoice,KND-78099,sent,Stämmer inte överens med produktbeskrivningen.,2025-03-06,1.0,negative
ORD-2025-00140,ORD-2025-00140-2,2025-02-26,2025-03-01,SKU-SD001,Extern SSD 1TB,Lagring,10,1199.0,göteborg,business,invoice,KND-78099,delivered,"Leverans på två dagar, imponerad!",2025-03-15,5.0,positive
ORD-2025-00140,ORD-2025-00140-3,2025-02-26,2025-03-01,SKU-KB002,Kompakt Tangentbord Mini,Tillbehör,2,599.0,göteborg,business,invoice,KND-78099,sent,,,4.0,neutral
ORD-2025-00141,ORD-2025-00141-1,2025-02-13,2025-02-15,SKU-MN001,"Bildskärm 27"" UHD",Bildskärmar,5,4999.0,göteborg,business,swish,KND-92820,delivered,,,4.0,neutral
ORD-2025-00141,ORD-2025-00141-2,2025-02-13,2025-02-15,SKU-LP001,Laptop Pro 15,Datorer,1,14999.0,göteborg,business,swish,KND-92820,delivered,Fungerar inte som det ska. Måste returnera.,2025-02-19,2.0,negative
ORD-2025-00141,ORD-2025-00141-3,2025-02-13,2025-02-15,SKU-HB001,USB-C Hub 7-port,Tillbehör,1,549.0,göteborg,business,swish,KND-92820,delivered,,,4.0,neutral
ORD-2025-00142,ORD-2025-00142-1,2025-01-08,2025-01-10,SKU-MN001,"Bildskärm 27"" UHD",Bildskärmar,1,4999.0,stockholm,private,swish,KND-55125,returned,Riktigt nöjd! Använder den dagligen.,2025-01-17,5.0,positive
ORD-2025-00143,ORD-2025-00143-1,2025-02-13,2025-02-16,SKU-HB001,USB-C Hub 7-port,Tillbehör,1,549.0,stockholm,private,invoice,KND-44336,returned,Toppen! Exakt vad jag behövde.,2025-03-01,5.0,positive
ORD-2025-00143,ORD-2025-00143-2,2025-02-13,2025-02-16,SKU-LP003,Laptop Gaming X,Datorer,1,18999.0,stockholm,private,invoice,KND-44336,returned,,,4.0,neutral
ORD-2025-00144,ORD-2025-00144-1,2025-01-25,2025-01-27,SKU-KB002,Kompakt Tangentbord Mini,Tillbehör,1,599.0,stockholm,consumer,card,KND-78201,delivered,,,4.0,neutral
ORD-2025-00145,ORD-2025-00145-1,2025-01-08,2025-01-10,SKU-MS001,Trådlös Mus X1,Tillbehör,1,399.0,sthlm.,consumer,invoice,KND-33880,delivered,"Fungerar utmärkt, inga problem alls.",2025-01-14,4.0,positive
ORD-2025-00145,ORD-2025-00145-2,2025-01-08,2025-01-10,SKU-SD002,Extern SSD 500GB,Lagring,1,699.0,stockholm,consumer,invoice,KND-33880,delivered,,,4.0,neutral
ORD-2025-00146,ORD-2025-00146-1,2025-01-31,2025-02-02,SKU-MN003,"Bildskärm 32"" Curved",Bildskärmar,1,5999.0,stockholm,private,swish,KND-68215,delivered,,,4.0,neutral
ORD-2025-00147,ORD-2025-00147-1,2025-01-19,2025-01-21,SKU-LP002,Laptop Budget 14,Datorer,1,7999.0,stockholm,consumer,swish,KND-53497,delivered,Snabb leverans och produkten är fantastisk!,2025-02-01,5.0,positive
ORD-2025-00148,ORD-2025-00148-1,2025-02-03,2025-02-06,SKU-MS001,Trådlös Mus X1,Tillbehör,1,399.0,västerås,private,swish,KND-74267,delivered,Mycket nöjd med köpet. Snabb leverans också!,2025-02-09,5.0,positive
ORD-2025-00149,ORD-2025-00149-1,2025-01-21,2025-01-23,SKU-SD002,Extern SSD 500GB,Lagring,1,699.0,stockholm,private,swish,KND-21817,delivered,,,4.0,neutral
ORD-2025-00150,ORD-2025-00150-1,2025-01-02,2025-01-05,SKU-SD001,Extern SSD 1TB,Lagring,1,1199.0,,private,card,KND-49344,delivered,,,4.0,neutral
ORD-2025-00150,ORD-2025-00150-2,2025-01-02,2025-01-05,SKU-KB001,Mekaniskt Tangentbord K7,Tillbehör,1,1299.0,malmö,consumer,card,KND-49344,unknown,,,4.0,neutral
ORD-2025-00151,ORD-2025-00151-1,2025-01-29,2025-02-01,SKU-SP001,Bluetooth-högtalare,Ljud,1,899.0,stockholm,private,invoice,KND-64481,delivered,Bra pris och hög kvalitet. Nöjd kund!,2025-02-07,5.0,positive
ORD-2025-00151,ORD-2025-00151-2,2025-01-29,2025-02-01,SKU-KB001,Mekaniskt Tangentbord K7,Tillbehör,1,1299.0,stockholm,private,invoice,KND-64481,delivered,,,4.0,neutral
ORD-2025-00152,ORD-2025-00152-1,2025-02-22,2025-02-24,SKU-MS001,Trådlös Mus X1,Tillbehör,1,399.0,göteborg,private,invoice,KND-72728,delivered,,,4.0,neutral
ORD-2025-00153,ORD-2025-00153-1,2025-01-09,2025-01-12,SKU-MN003,"Bildskärm 32"" Curved",Bildskärmar,1,5999.0,stockholm,private,card,KND-92467,unknown,,,4.0,neutral
ORD-2025-00154,ORD-2025-00154-1,2025-02-28,2025-03-02,SKU-MS001,Trådlös Mus X1,Tillbehör,1,399.0,stockholm,private,swish,KND-37083,delivered,Kan varmt rekommendera denna produkt.,2025-03-14,5.0,positive
ORD-2025-00155,ORD-2025-00155-1,2025-01-23,2025-01-30,SKU-KB002,Kompakt Tangentbord Mini,Tillbehör,1,599.0,norrland,private,swish,KND-54619,delivered,Inte alls nöjd. Kommer inte handla här igen.,2025-02-08,1.0,negative
ORD-2025-00155,ORD-2025-00155-2,2025-01-23,2025-01-30,SKU-HB001,USB-C Hub 7-port,Tillbehör,1,549.0,norrland,private,swish,KND-54619,unknown,,,4.0,neutral
ORD-2025-00156,ORD-2025-00156-1,,2025-02-24,SKU-SD001,Extern SSD 1TB,Lagring,1,1199.0,malmö,private,swish,KND-51528,delivered,Riktigt nöjd! Använder den dagligen.,2025-02-25,5.0,positive
ORD-2025-00157,ORD-2025-00157-1,2025-02-21,2025-02-24,SKU-LP001,Laptop Pro 15,Datorer,5,14999.0,göteborg,business,card,KND-67599,delivered,"Gör jobbet, men hade kunnat vara bättre.",2025-03-04,3.0,neutral
ORD-2025-00157,ORD-2025-00157-2,2025-02-21,2025-02-24,SKU-LP001,Laptop Pro 15,Datorer,1,14999.0,göteborg,bolag,card,KND-67599,delivered,,,4.0,neutral
ORD-2025-00158,ORD-2025-00158-1,2025-01-21,2025-01-24,SKU-LP003,Laptop Gaming X,Datorer,2,18999.0,linköping,business,invoice,KND-86223,delivered,,,4.0,neutral
ORD-2025-00158,ORD-2025-00158-2,2025-01-21,2025-01-24,SKU-KB001,Mekaniskt Tangentbord K7,Tillbehör,3,1299.0,linköping,business,invoice,KND-86223,delivered,,,4.0,neutral
ORD-2025-00158,ORD-2025-00158-3,2025-01-21,2025-01-24,SKU-KB001,Mekaniskt Tangentbord K7,Tillbehör,1,1299.0,linköping,business,invoice,KND-86223,delivered,,,4.0,neutral
ORD-2025-00158,ORD-2025-00158-4,2025-01-21,2025-01-24,SKU-MS001,Trådlös Mus X1,Tillbehör,3,399.0,linköping,business,invoice,KND-86223,delivered,Toppen! Exakt vad jag behövde.,2025-01-30,5.0,positive
ORD-2025-00158,ORD-2025-00158-5,2025-01-21,2025-01-24,SKU-MS002,Ergonomisk Mus Pro,Tillbehör,3,699.0,linköping,business,invoice,KND-86223,delivered,Prisvärt och bra kvalitet. Kommer köpa igen.,2025-01-26,5.0,positive
ORD-2025-00159,ORD-2025-00159-1,2025-02-04,2025-02-10,SKU-MN002,"Bildskärm 24"" FHD",Bildskärmar,10,2499.0,norrland,business,unknown,KND-28581,delivered,,,4.0,neutral
ORD-2025-00160,ORD-2025-00160-1,2025-02-08,2025-02-14,SKU-SD001,Extern SSD 1TB,Lagring,1,1199.0,norrland,private,invoice,KND-15448,delivered,,,4.0,neutral
ORD-2025-00161,ORD-2025-00161-1,,2025-01-25,SKU-MS002,Ergonomisk Mus Pro,Tillbehör,1,699.0,stockholm,person,card,KND-42170,delivered,,,4.0,neutral
ORD-2025-00161,ORD-2025-00161-2,2025-01-23,2025-01-25,SKU-SD002,Extern SSD 500GB,Lagring,1,699.0,stockholm,private,card,KND-42170,sent,Prisvärt och bra kvalitet. Kommer köpa igen.,2025-01-29,5.0,positive
ORD-2025-00162,ORD-2025-00162-1,2025-01-10,2025-01-12,SKU-MS001,Trådlös Mus X1,Tillbehör,1,399.0,gåteborg,private,swish,KND-10807,delivered,,,4.0,neutral
ORD-2025-00162,ORD-2025-00162-2,2025-01-10,2025-01-12,SKU-MN003,"Bildskärm 32"" Curved",Bildskärmar,1,5999.0,göteborg,private,swish,KND-10807,delivered,Slutade fungera efter två veckor. Dålig kvalitet.,2025-01-16,2.0,negative
ORD-2025-00163,ORD-2025-00163-1,2025-01-13,2025-01-15,SKU-WC001,Webbkamera HD,Tillbehör,1,799.0,stockholm,private,card,KND-16857,delivered,Kan varmt rekommendera denna produkt.,2025-01-17,4.0,positive
ORD-2025-00163,ORD-2025-00163-2,,2025-01-15,SKU-LP002,Laptop Budget 14,Datorer,1,7999.0,stockholm,private,card,KND-16857,delivered,Bästa tangentbordet jag haft. Rekommenderar!,2025-01-28,5.0,positive
ORD-2025-00237,ORD-2025-00237-2,2025-01-23,2025-01-27,SKU-HB001,USB-C Hub 7-port,Tillbehör,1,549.0,uppsala,business,invoice,KND-34283,delivered,Toppen! Exakt vad jag behövde.,2025-02-02,5.0,positive
ORD-2025-00164,ORD-2025-00164-1,2025-01-23,2025-01-25,SKU-SP001,Bluetooth-högtalare,Ljud,1,899.0,stockholm,kund,swish,KND-46129,delivered,Väntade i över en vecka på leveransen. Oacceptabelt.,2025-02-01,1.0,negative
ORD-2025-00165,ORD-2025-00165-1,2025-01-27,2025-02-02,SKU-LP003,Laptop Gaming X,Datorer,1,18999.0,norrland,kund,swish,KND-28389,delivered,,,4.0,neutral
ORD-2025-00166,ORD-2025-00166-1,2025-02-27,2025-03-02,SKU-WC001,Webbkamera HD,Tillbehör,1,799.0,,private,invoice,KND-63964,delivered,Standard. Inget att klaga på direkt.,2025-03-10,3.0,neutral
ORD-2025-00166,ORD-2025-00166-2,2025-02-27,2025-03-02,SKU-WC001,Webbkamera HD,Tillbehör,1,799.0,linköping,private,invoice,KND-63964,delivered,Varken bra eller dåligt. Fungerar.,2025-03-11,3.0,positive
ORD-2025-00269,ORD-2025-00269-2,2025-02-05,2025-02-07,SKU-SP001,Bluetooth-högtalare,Ljud,2,899.0,stocholm,private,invoice,KND-93896,unknown,,,4.0,neutral
ORD-2025-00167,ORD-2025-00167-1,2025-01-13,2025-01-16,SKU-MN003,"Bildskärm 32"" Curved",Bildskärmar,3,5999.0,malmö,business,invoice,KND-70574,delivered,Bra pris och hög kvalitet. Nöjd kund!,2025-01-25,5.0,positive
ORD-2025-00167,ORD-2025-00167-2,2025-01-13,2025-01-16,SKU-SD002,Extern SSD 500GB,Lagring,2,699.0,mlm,business,invoice,KND-70574,delivered,Bästa tangentbordet jag haft. Rekommenderar!,2025-01-30,4.0,positive
ORD-2025-00168,ORD-2025-00168-1,2025-02-28,2025-03-02,SKU-KB001,Mekaniskt Tangentbord K7,Tillbehör,1,1299.0,malmö,private,card,KND-93001,delivered,Prisvärt och bra kvalitet. Kommer köpa igen.,2025-03-06,4.0,positive
ORD-2025-00169,ORD-2025-00169-1,2025-02-27,2025-03-01,SKU-KB001,Mekaniskt Tangentbord K7,Tillbehör,2,1299.0,stockholm,business,invoice,KND-16849,delivered,Mycket nöjd med köpet. Snabb leverans också!,2025-03-05,4.0,positive
ORD-2025-00169,ORD-2025-00169-2,2025-02-27,2025-03-01,SKU-MN002,"Bildskärm 24"" FHD",Bildskärmar,1,2499.0,sthlm.,business,invoice,KND-16849,unknown,,,4.0,neutral
ORD-2025-00169,ORD-2025-00169-3,2025-02-27,2025-03-01,SKU-MN003,"Bildskärm 32"" Curved",Bildskärmar,2,5999.0,stockholm,business,invoice,KND-16849,delivered,"Smidigt att beställa, produkten kom snabbt och fungerar perfekt.",2025-03-11,4.0,positive
ORD-2025-00169,ORD-2025-00169-4,2025-02-27,2025-03-01,SKU-KB001,Mekaniskt Tangentbord K7,Tillbehör,2,1299.0,stockholm,business,invoice,KND-16849,delivered,Riktigt nöjd! Använder den dagligen.,2025-03-02,4.0,positive
ORD-2025-00170,ORD-2025-00170-1,2025-01-29,2025-02-01,SKU-HS002,Headset Budget,Ljud,1,499.0,stockholm,business,invoice,KND-59643,delivered,,,4.0,neutral
ORD-2025-00171,ORD-2025-00171-1,2025-02-01,2025-02-03,SKU-HS001,Headset Pro ANC,Ljud,3,1899.0,stockholm,business,invoice,KND-42070,delivered,Inte alls nöjd. Kommer inte handla här igen.,2025-02-06,2.0,negative
ORD-2025-00172,ORD-2025-00172-1,2025-02-20,2025-02-24,SKU-HS002,Headset Budget,Ljud,1,499.0,västerås,person,swish,KND-48549,delivered,Skärmen hade repor när den kom. Förpackningen var skadad.,2025-02-27,2.0,negative
ORD-2025-00172,ORD-2025-00172-2,2025-02-20,2025-02-24,SKU-KB001,Mekaniskt Tangentbord K7,Tillbehör,1,1299.0,västerås,private,unknown,KND-48549,delivered,,,4.0,neutral
ORD-2025-00173,ORD-2025-00173-1,2025-01-13,2025-01-16,SKU-WC001,Webbkamera HD,Tillbehör,1,799.0,örebro,private,card,KND-95815,returned,,,4.0,neutral
ORD-2025-00174,ORD-2025-00174-1,2025-01-21,2025-01-24,SKU-LP003,Laptop Gaming X,Datorer,1,18999.0,stockholm,private,swish,KND-34753,delivered,,,4.0,neutral
ORD-2025-00175,ORD-2025-00175-1,2025-02-02,2025-02-04,SKU-LP002,Laptop Budget 14,Datorer,1,7999.0,göteborg,bolag,invoice,KND-97318,received,Produkten gick sönder efter en månad.,2025-02-06,2.0,negative
ORD-2025-00175,ORD-2025-00175-2,2025-02-02,2025-02-04,SKU-MN001,"Bildskärm 27"" UHD",Bildskärmar,10,4999.0,,business,invoice,KND-97318,delivered,"Leverans på två dagar, imponerad!",2025-02-17,5.0,positive
ORD-2025-00175,ORD-2025-00175-3,2025-02-02,2025-02-04,SKU-LP003,Laptop Gaming X,Datorer,1,18999.0,göteborg,business,invoice,KND-97318,delivered,Snabb leverans och produkten är fantastisk!,2025-02-09,5.0,positive
ORD-2025-00175,ORD-2025-00175-4,2025-02-02,2025-02-04,SKU-MS002,Ergonomisk Mus Pro,Tillbehör,5,699.0,göteborg,business,invoice,KND-97318,delivered,Medelmåttig upplevelse.,2025-02-11,3.0,positive
ORD-2025-00176,ORD-2025-00176-1,2025-01-30,2025-02-02,SKU-SD001,Extern SSD 1TB,Lagring,1,1199.0,uppsala,private,card,KND-51759,delivered,Snabb leverans och produkten är fantastisk!,2025-02-10,5.0,positive
ORD-2025-00177,ORD-2025-00177-1,2025-02-23,2025-02-26,SKU-HB001,USB-C Hub 7-port,Tillbehör,1,549.0,stockholm,person,swish,KND-71374,delivered,,,4.0,neutral
ORD-2025-00178,ORD-2025-00178-1,2025-02-22,2025-02-25,SKU-LP002,Laptop Budget 14,Datorer,1,7999.0,sthlm.,private,card,KND-79677,delivered,Inte alls nöjd. Kommer inte handla här igen.,2025-03-02,2.0,negative
ORD-2025-00179,ORD-2025-00179-1,2025-01-15,2025-01-18,SKU-MS002,Ergonomisk Mus Pro,Tillbehör,1,699.0,örebro,business,invoice,KND-39306,delivered,,,4.0,neutral
ORD-2025-00180,ORD-2025-00180-1,2025-02-06,2025-02-09,SKU-WC001,Webbkamera HD,Tillbehör,2,799.0,stockholm,consumer,card,KND-94784,unknown,,,4.0,neutral
ORD-2025-00181,ORD-2025-00181-1,2025-02-15,2025-02-18,SKU-WC001,Webbkamera HD,Tillbehör,1,799.0,uppsala,private,invoice,KND-25482,delivered,,,4.0,neutral
ORD-2025-00182,ORD-2025-00182-1,2025-01-06,2025-01-08,SKU-MN001,"Bildskärm 27"" UHD",Bildskärmar,1,4999.0,,business,card,KND-53298,delivered,Medelmåttig upplevelse.,2025-01-10,3.0,positive
ORD-2025-00182,ORD-2025-00182-2,2025-01-06,2025-01-08,SKU-MS002,Ergonomisk Mus Pro,Tillbehör,2,699.0,malmö,business,card,KND-53298,delivered,Mycket sämre kvalitet än förväntat.,2025-01-22,1.0,neutral
ORD-2025-00182,ORD-2025-00182-3,,2025-01-08,SKU-HS002,Headset Budget,Ljud,2,499.0,malmö,business,card,KND-53298,delivered,Fantastisk produkt! Fungerar precis som utlovat.,2025-01-22,5.0,positive
ORD-2025-00182,ORD-2025-00182-4,2025-01-06,2025-01-08,SKU-LP002,Laptop Budget 14,Datorer,2,7999.0,,business,card,KND-53298,delivered,Fantastisk produkt! Fungerar precis som utlovat.,2025-01-06,5.0,positive
ORD-2025-00183,ORD-2025-00183-1,2025-01-11,2025-01-13,SKU-WC001,Webbkamera HD,Tillbehör,1,799.0,stockholm,private,card,KND-83334,returned,Mycket nöjd med köpet. Snabb leverans också!,2025-01-19,4.0,positive
ORD-2025-00184,ORD-2025-00184-1,2025-02-04,2025-02-06,SKU-SD002,Extern SSD 500GB,Lagring,10,699.0,sthlm.,business,invoice,KND-74288,delivered,Toppen! Exakt vad jag behövde.,2025-02-20,5.0,positive
ORD-2025-00184,ORD-2025-00184-2,2025-02-04,2025-02-06,SKU-WC001,Webbkamera HD,Tillbehör,1,799.0,stockholm,business,invoice,KND-74288,delivered,,,4.0,neutral
ORD-2025-00184,ORD-2025-00184-3,2025-02-04,2025-02-06,SKU-LP003,Laptop Gaming X,Datorer,1,18999.0,stockholm,business,invoice,KND-74288,delivered,,,4.0,neutral
ORD-2025-00185,ORD-2025-00185-1,2025-02-27,2025-03-01,SKU-SP001,Bluetooth-högtalare,Ljud,1,899.0,stockholm,private,swish,KND-10706,sent,,,4.0,neutral
ORD-2025-00186,ORD-2025-00186-1,2025-02-26,2025-03-01,SKU-WC001,Webbkamera HD,Tillbehör,1,799.0,stockholm,consumer,swish,KND-18237,delivered,Prisvärt och bra kvalitet. Kommer köpa igen.,2025-02-24,5.0,positive
ORD-2025-00187,ORD-2025-00187-1,2025-01-16,2025-01-19,SKU-MN002,"Bildskärm 24"" FHD",Bildskärmar,1,2499.0,stockholm,private,card,KND-82309,delivered,"Gör jobbet, men hade kunnat vara bättre.",2025-01-26,3.0,neutral
ORD-2025-00187,ORD-2025-00187-2,2025-01-16,2025-01-19,SKU-HB001,USB-C Hub 7-port,Tillbehör,1,549.0,stockholm,private,card,KND-82309,delivered,,,4.0,neutral
ORD-2025-00187,ORD-2025-00187-3,2025-01-16,2025-01-19,SKU-LP001,Laptop Pro 15,Datorer,1,14999.0,stockholm,private,card,KND-82309,delivered,"Fungerar utmärkt, inga problem alls.",2025-01-25,4.0,positive
ORD-2025-00188,ORD-2025-00188-1,2025-01-29,2025-01-31,SKU-SD001,Extern SSD 1TB,Lagring,2,1199.0,stockholm,private,card,KND-71147,delivered,För dyrt för vad man får.,2025-02-06,2.0,neutral
ORD-2025-00189,ORD-2025-00189-1,2025-01-11,2025-01-13,SKU-KB002,Kompakt Tangentbord Mini,Tillbehör,1,599.0,malmö,private,swish,KND-18975,delivered,,,4.0,neutral
ORD-2025-00189,ORD-2025-00189-2,2025-01-11,2025-01-13,SKU-KB001,Mekaniskt Tangentbord K7,Tillbehör,2,1299.0,malmö,private,swish,KND-18975,delivered,,,4.0,neutral
ORD-2025-00190,ORD-2025-00190-1,2025-02-16,2025-02-18,SKU-SD002,Extern SSD 500GB,Lagring,1,699.0,stockholm,private,swish,KND-14803,delivered,Snabb leverans och produkten är fantastisk!,2025-02-25,5.0,positive
ORD-2025-00190,ORD-2025-00190-2,2025-02-16,2025-02-18,SKU-HS002,Headset Budget,Ljud,1,499.0,stockholm,private,swish,KND-14803,delivered,,,4.0,neutral
ORD-2025-00191,ORD-2025-00191-1,2025-01-31,2025-02-02,SKU-MN001,"Bildskärm 27"" UHD",Bildskärmar,3,4999.0,göteborg,business,invoice,KND-28124,unknown,,,4.0,neutral
ORD-2025-00192,ORD-2025-00192-1,2025-01-28,2025-01-30,SKU-HS001,Headset Pro ANC,Ljud,1,1899.0,sthlm.,private,invoice,KND-51182,delivered,,,4.0,neutral
ORD-2025-00192,ORD-2025-00192-2,,2025-01-30,SKU-MN003,"Bildskärm 32"" Curved",Bildskärmar,1,5999.0,stockholm,private,invoice,KND-51182,delivered,Överträffade mina förväntningar. 5 av 5!,2025-02-13,4.0,positive
ORD-2025-00193,ORD-2025-00193-1,2025-02-06,2025-02-09,SKU-MN001,"Bildskärm 27"" UHD",Bildskärmar,1,4999.0,stockholm,private,invoice,KND-66759,delivered,Bästa tangentbordet jag haft. Rekommenderar!,2025-02-18,4.0,positive
ORD-2025-00194,ORD-2025-00194-1,2025-02-02,2025-02-04,SKU-WC001,Webbkamera HD,Tillbehör,1,799.0,stockholm,private,card,KND-85829,delivered,,,4.0,neutral
ORD-2025-00195,ORD-2025-00195-1,,2025-02-08,SKU-MN002,"Bildskärm 24"" FHD",Bildskärmar,2,2499.0,göteborg,private,card,KND-45181,received,,,4.0,neutral
ORD-2025-00195,ORD-2025-00195-2,2025-02-06,2025-02-08,SKU-HB001,USB-C Hub 7-port,Tillbehör,1,549.0,göteborg,person,card,KND-45181,unknown,,,4.0,neutral
ORD-2025-00196,ORD-2025-00196-1,2025-02-21,2025-02-23,SKU-MN003,"Bildskärm 32"" Curved",Bildskärmar,1,5999.0,stockholm,business,card,KND-82766,delivered,Överträffade mina förväntningar. 5 av 5!,2025-03-08,5.0,positive
ORD-2025-00196,ORD-2025-00196-2,2025-02-21,2025-02-23,SKU-KB002,Kompakt Tangentbord Mini,Tillbehör,1,599.0,stockholm,business,card,KND-82766,delivered,Överträffade mina förväntningar. 5 av 5!,2025-02-26,5.0,positive
ORD-2025-00196,ORD-2025-00196-3,2025-02-21,2025-02-23,SKU-MN002,"Bildskärm 24"" FHD",Bildskärmar,3,2499.0,stockholm,business,card,KND-82766,delivered,Bästa tangentbordet jag haft. Rekommenderar!,2025-03-07,4.0,positive
ORD-2025-00196,ORD-2025-00196-4,2025-02-21,2025-02-23,SKU-KB001,Mekaniskt Tangentbord K7,Tillbehör,5,1299.0,sthlm.,business,card,KND-82766,delivered,Kan varmt rekommendera denna produkt.,2025-03-09,5.0,positive
ORD-2025-00197,ORD-2025-00197-1,2025-01-24,2025-01-29,SKU-MS002,Ergonomisk Mus Pro,Tillbehör,1,699.0,norrland,private,swish,KND-98186,delivered,,,4.0,neutral
ORD-2025-00198,ORD-2025-00198-1,2025-02-16,2025-02-19,SKU-MS001,Trådlös Mus X1,Tillbehör,1,399.0,gåteborg,business,invoice,KND-14218,delivered,Standard. Inget att klaga på direkt.,2025-03-03,3.0,neutral
ORD-2025-00198,ORD-2025-00198-2,2025-02-16,2025-02-19,SKU-MS001,Trådlös Mus X1,Tillbehör,1,399.0,gåteborg,business,invoice,KND-14218,delivered,,,4.0,neutral
ORD-2025-00198,ORD-2025-00198-3,2025-02-16,2025-02-19,SKU-LP001,Laptop Pro 15,Datorer,1,14999.0,göteborg,business,invoice,KND-14218,delivered,,,4.0,neutral
ORD-2025-00198,ORD-2025-00198-4,2025-02-16,2025-02-19,SKU-MN001,"Bildskärm 27"" UHD",Bildskärmar,1,4999.0,göteborg,business,invoice,KND-14218,delivered,,,4.0,neutral
ORD-2025-00199,ORD-2025-00199-1,2025-02-17,2025-02-20,SKU-SD001,Extern SSD 1TB,Lagring,2,1199.0,göteborg,private,swish,KND-14260,delivered,"Den funkar. Inte mer, inte mindre.",2025-02-21,3.0,neutral
ORD-2025-00199,ORD-2025-00199-2,2025-02-17,2025-02-20,SKU-MN002,"Bildskärm 24"" FHD",Bildskärmar,1,2499.0,göteborg,private,swish,KND-14260,delivered,,,4.0,neutral
ORD-2025-00200,ORD-2025-00200-1,2025-01-20,2025-01-23,SKU-HB001,USB-C Hub 7-port,Tillbehör,1,549.0,örebro,private,card,KND-24738,delivered,"Helt okej, gör vad den ska.",2025-01-27,3.0,neutral
ORD-2025-00200,ORD-2025-00200-2,2025-01-20,2025-01-23,SKU-SD002,Extern SSD 500GB,Lagring,1,699.0,örebro,private,card,KND-24738,delivered,,,4.0,neutral
ORD-2025-00200,ORD-2025-00200-3,2025-01-20,2025-01-23,SKU-HS001,Headset Pro ANC,Ljud,2,1899.0,örebro,private,card,KND-24738,received,,,4.0,neutral
ORD-2025-00201,ORD-2025-00201-1,2025-02-12,2025-02-15,SKU-SP001,Bluetooth-högtalare,Ljud,1,899.0,stockholm,private,card,KND-63879,in_transit,,,4.0,neutral
ORD-2025-00202,ORD-2025-00202-1,2025-02-27,2025-03-02,SKU-MN003,"Bildskärm 32"" Curved",Bildskärmar,1,5999.0,göteborg,private,card,KND-27721,in_transit,,,4.0,neutral
ORD-2025-00202,ORD-2025-00202-2,2025-02-27,2025-03-02,SKU-KB001,Mekaniskt Tangentbord K7,Tillbehör,1,1299.0,göteborg,private,card,KND-27721,in_transit,,,4.0,neutral
ORD-2025-00203,ORD-2025-00203-1,2025-02-09,2025-02-12,SKU-MN001,"Bildskärm 27"" UHD",Bildskärmar,1,4999.0,goteborg,private,card,KND-63663,received,,,4.0,neutral
ORD-2025-00204,ORD-2025-00204-1,2025-01-19,2025-01-21,SKU-KB001,Mekaniskt Tangentbord K7,Tillbehör,1,1299.0,stockholm,private,invoice,KND-90216,delivered,,,4.0,neutral
ORD-2025-00205,ORD-2025-00205-1,2025-01-28,2025-02-01,SKU-MS002,Ergonomisk Mus Pro,Tillbehör,1,699.0,linköping,private,invoice,KND-82365,sent,,,4.0,neutral
ORD-2025-00206,ORD-2025-00206-1,2025-01-21,2025-01-24,SKU-HB001,USB-C Hub 7-port,Tillbehör,3,549.0,malmö,business,invoice,KND-13971,in_transit,,,4.0,neutral
ORD-2025-00206,ORD-2025-00206-2,2025-01-21,2025-01-24,SKU-SD002,Extern SSD 500GB,Lagring,10,699.0,malmö,business,invoice,KND-13971,in_transit,,,4.0,neutral
ORD-2025-00206,ORD-2025-00206-3,2025-01-21,2025-01-24,SKU-MS001,Trådlös Mus X1,Tillbehör,5,399.0,malmö,business,invoice,KND-13971,in_transit,,,4.0,neutral
ORD-2025-00206,ORD-2025-00206-4,2025-01-21,2025-01-24,SKU-SD001,Extern SSD 1TB,Lagring,2,1199.0,malmö,business,invoice,KND-13971,in_transit,,,4.0,neutral
ORD-2025-00207,ORD-2025-00207-1,2025-02-28,2025-03-02,SKU-SD002,Extern SSD 500GB,Lagring,1,699.0,göteborg,private,invoice,KND-59834,delivered,Kan varmt rekommendera denna produkt.,2025-03-03,5.0,positive
ORD-2025-00208,ORD-2025-00208-1,2025-02-28,2025-03-02,SKU-MS001,Trådlös Mus X1,Tillbehör,1,399.0,stockholm,consumer,swish,KND-76808,received,Super! Kommer definitivt handla här igen.,2025-03-12,5.0,positive
ORD-2025-00209,ORD-2025-00209-1,2025-01-18,2025-01-21,SKU-SD002,Extern SSD 500GB,Lagring,1,699.0,linköping,kund,swish,KND-40029,delivered,Medelmåttig upplevelse.,2025-01-28,3.0,positive
ORD-2025-00210,ORD-2025-00210-1,2025-02-23,2025-02-26,SKU-MS001,Trådlös Mus X1,Tillbehör,1,399.0,göteborg,person,card,KND-18336,delivered,,,4.0,neutral
ORD-2025-00210,ORD-2025-00210-2,2025-02-23,2025-02-26,SKU-MN001,"Bildskärm 27"" UHD",Bildskärmar,1,4999.0,göteborg,private,card,KND-18336,delivered,"Smidigt att beställa, produkten kom snabbt och fungerar perfekt.",2025-03-09,5.0,positive
ORD-2025-00211,ORD-2025-00211-1,2025-02-11,2025-02-13,SKU-KB001,Mekaniskt Tangentbord K7,Tillbehör,1,1299.0,stockholm,private,swish,KND-18054,sent,Bästa tangentbordet jag haft. Rekommenderar!,2025-02-24,5.0,positive
ORD-2025-00212,ORD-2025-00212-1,2025-01-12,2025-01-14,SKU-MS002,Ergonomisk Mus Pro,Tillbehör,1,699.0,stockolm,private,invoice,KND-10387,delivered,,,4.0,neutral
ORD-2025-00213,ORD-2025-00213-1,2025-02-04,2025-02-06,SKU-LP002,Laptop Budget 14,Datorer,1,7999.0,,person,card,KND-23574,delivered,,,4.0,neutral
ORD-2025-00214,ORD-2025-00214-1,2025-02-05,2025-02-07,SKU-LP001,Laptop Pro 15,Datorer,1,14999.0,göteborg,business,invoice,KND-62824,sent,Super! Kommer definitivt handla här igen.,2025-02-19,5.0,positive
ORD-2025-00214,ORD-2025-00214-2,2025-02-05,2025-02-07,SKU-MS002,Ergonomisk Mus Pro,Tillbehör,5,699.0,göteborg,business,invoice,KND-62824,delivered,Toppen! Exakt vad jag behövde.,2025-02-09,5.0,positive
ORD-2025-00214,ORD-2025-00214-3,2025-02-05,2025-02-07,SKU-LP003,Laptop Gaming X,Datorer,3,18999.0,göteborg,business,invoice,KND-62824,delivered,,,4.0,neutral
ORD-2025-00214,ORD-2025-00214-4,2025-02-05,2025-02-07,SKU-LP003,Laptop Gaming X,Datorer,1,18999.0,göteborg,business,invoice,KND-62824,delivered,,,4.0,neutral
ORD-2025-00215,ORD-2025-00215-1,2025-01-13,2025-01-16,SKU-SD002,Extern SSD 500GB,Lagring,1,699.0,stockholm,business,invoice,KND-71902,delivered,Helt underbar kvalitet för pengarna.,2025-01-27,5.0,negative
ORD-2025-00215,ORD-2025-00215-2,2025-01-13,2025-01-16,SKU-HB001,USB-C Hub 7-port,Tillbehör,3,549.0,stockholm,business,invoice,KND-71902,delivered,Kan varmt rekommendera denna produkt.,2025-01-17,4.0,positive
ORD-2025-00215,ORD-2025-00215-3,2025-01-13,2025-01-16,SKU-HS001,Headset Pro ANC,Ljud,5,1899.0,stockholm,business,invoice,KND-71902,delivered,,,4.0,neutral
ORD-2025-00216,ORD-2025-00216-1,2025-01-18,2025-01-20,SKU-KB001,Mekaniskt Tangentbord K7,Tillbehör,1,1299.0,malmö,private,card,KND-39268,delivered,Helt underbar kvalitet för pengarna.,2025-01-27,4.0,negative
ORD-2025-00217,ORD-2025-00217-1,2025-02-10,2025-02-12,SKU-SD002,Extern SSD 500GB,Lagring,1,699.0,malmö,private,swish,KND-15517,in_transit,,,4.0,neutral
ORD-2025-00218,ORD-2025-00218-1,2025-01-06,2025-01-08,SKU-LP003,Laptop Gaming X,Datorer,1,18999.0,stockholm,business,invoice,KND-27204,returned,,,4.0,neutral
ORD-2025-00218,ORD-2025-00218-2,2025-01-06,2025-01-08,SKU-KB001,Mekaniskt Tangentbord K7,Tillbehör,3,1299.0,stockolm,business,invoice,KND-27204,returned,Prisvärt och bra kvalitet. Kommer köpa igen.,2025-01-18,5.0,positive
ORD-2025-00218,ORD-2025-00218-3,2025-01-06,2025-01-08,SKU-MS002,Ergonomisk Mus Pro,Tillbehör,1,699.0,stockholm,corp,unknown,KND-27204,returned,Super! Kommer definitivt handla här igen.,2025-01-16,4.0,positive
ORD-2025-00219,ORD-2025-00219-1,2025-01-28,2025-01-31,SKU-SD002,Extern SSD 500GB,Lagring,1,699.0,stockholm,private,swish,KND-43462,delivered,Riktigt nöjd! Använder den dagligen.,2025-02-10,5.0,positive
ORD-2025-00219,ORD-2025-00219-2,2025-01-28,2025-01-31,SKU-LP003,Laptop Gaming X,Datorer,1,18999.0,stocholm,private,swish,KND-43462,received,,,4.0,neutral
ORD-2025-00220,ORD-2025-00220-1,2025-02-21,2025-02-24,SKU-MN003,"Bildskärm 32"" Curved",Bildskärmar,10,5999.0,stockholm,business,card,KND-97300,delivered,,,4.0,neutral
ORD-2025-00220,ORD-2025-00220-2,2025-02-21,2025-02-24,SKU-KB002,Kompakt Tangentbord Mini,Tillbehör,1,599.0,stocholm,business,card,KND-97300,delivered,"Fungerar utmärkt, inga problem alls.",2025-03-09,4.0,positive
ORD-2025-00220,ORD-2025-00220-3,2025-02-21,2025-02-24,SKU-SD001,Extern SSD 1TB,Lagring,2,1199.0,stockholm,business,card,KND-97300,delivered,"Leverans på två dagar, imponerad!",2025-03-07,4.0,positive
ORD-2025-00221,ORD-2025-00221-1,2025-02-12,2025-02-14,SKU-SD002,Extern SSD 500GB,Lagring,2,699.0,stockholm,person,card,KND-80095,delivered,Bra pris och hög kvalitet. Nöjd kund!,2025-02-26,5.0,positive
ORD-2025-00222,ORD-2025-00222-1,2025-01-09,2025-01-12,SKU-KB001,Mekaniskt Tangentbord K7,Tillbehör,5,1299.0,malmö,business,invoice,KND-96862,unknown,,,4.0,neutral
ORD-2025-00222,ORD-2025-00222-2,2025-01-09,2025-01-12,SKU-SD001,Extern SSD 1TB,Lagring,2,1199.0,malmö,business,invoice,KND-96862,delivered,,,4.0,neutral
ORD-2025-00222,ORD-2025-00222-3,2025-01-09,2025-01-12,SKU-SP001,Bluetooth-högtalare,Ljud,1,899.0,malmö,business,invoice,KND-96862,delivered,För dyrt för vad man får.,2025-01-07,2.0,neutral
ORD-2025-00223,ORD-2025-00223-1,2025-02-13,2025-02-16,SKU-LP003,Laptop Gaming X,Datorer,1,18999.0,linköping,private,swish,KND-88434,delivered,,,4.0,neutral
ORD-2025-00224,ORD-2025-00224-1,2025-02-17,2025-02-23,SKU-KB002,Kompakt Tangentbord Mini,Tillbehör,1,599.0,norrland,private,swish,KND-31916,delivered,Mycket sämre kvalitet än förväntat.,2025-02-28,2.0,neutral
ORD-2025-00225,ORD-2025-00225-1,2025-02-21,2025-02-23,SKU-KB002,Kompakt Tangentbord Mini,Tillbehör,2,599.0,malmö,consumer,invoice,KND-57156,in_transit,,,4.0,neutral
ORD-2025-00226,ORD-2025-00226-1,2025-01-01,2025-01-04,SKU-HS001,Headset Pro ANC,Ljud,1,1899.0,stockholm,private,card,KND-77630,delivered,,,4.0,neutral
ORD-2025-00226,ORD-2025-00226-2,2025-01-01,2025-01-04,SKU-KB002,Kompakt Tangentbord Mini,Tillbehör,1,599.0,stockholm,private,card,KND-77630,delivered,,,4.0,neutral
ORD-2025-00227,ORD-2025-00227-1,2025-01-07,2025-01-10,SKU-HB001,USB-C Hub 7-port,Tillbehör,1,549.0,örebro,private,card,KND-90157,returned,Riktigt nöjd! Använder den dagligen.,2025-01-13,4.0,positive
ORD-2025-00228,ORD-2025-00228-1,2025-02-20,2025-02-23,SKU-HS001,Headset Pro ANC,Ljud,1,1899.0,stockholm,private,swish,KND-70845,delivered,,,4.0,neutral
ORD-2025-00228,ORD-2025-00228-2,2025-02-20,2025-02-23,SKU-MS001,Trådlös Mus X1,Tillbehör,1,399.0,stockholm,private,swish,KND-70845,delivered,,,4.0,neutral
ORD-2025-00229,ORD-2025-00229-1,2025-02-12,2025-02-14,SKU-MN003,"Bildskärm 32"" Curved",Bildskärmar,1,5999.0,göteborg,private,card,KND-82129,delivered,Skärmen hade repor när den kom. Förpackningen var skadad.,2025-02-23,1.0,negative
ORD-2025-00229,ORD-2025-00229-2,2025-02-12,2025-02-14,SKU-KB001,Mekaniskt Tangentbord K7,Tillbehör,2,1299.0,göteborg,private,card,KND-82129,delivered,,,4.0,neutral
ORD-2025-00230,ORD-2025-00230-1,2025-02-27,2025-03-02,SKU-MN002,"Bildskärm 24"" FHD",Bildskärmar,1,2499.0,stockholm,private,swish,KND-33770,delivered,"Leverans på två dagar, imponerad!",2025-03-04,5.0,positive
ORD-2025-00231,ORD-2025-00231-1,2025-01-09,2025-01-13,SKU-HB001,USB-C Hub 7-port,Tillbehör,1,549.0,uppsala,private,card,KND-37960,delivered,Medelmåttig upplevelse.,2025-01-17,3.0,positive
ORD-2025-00231,ORD-2025-00231-2,2025-01-09,2025-01-13,SKU-KB002,Kompakt Tangentbord Mini,Tillbehör,1,599.0,uppsala,private,card,KND-37960,delivered,,,4.0,neutral
ORD-2025-00232,ORD-2025-00232-1,2025-02-09,2025-02-12,SKU-LP002,Laptop Budget 14,Datorer,1,7999.0,stockholm,private,card,KND-54347,delivered,Fantastisk produkt! Fungerar precis som utlovat.,2025-02-16,4.0,positive
ORD-2025-00232,ORD-2025-00232-2,2025-02-09,2025-02-12,SKU-WC001,Webbkamera HD,Tillbehör,1,799.0,stockholm,private,card,KND-54347,delivered,Mycket nöjd med köpet. Snabb leverans också!,2025-02-16,4.0,positive
ORD-2025-00233,ORD-2025-00233-1,2025-01-01,2025-01-03,SKU-HS002,Headset Budget,Ljud,1,499.0,sthlm.,private,swish,KND-21636,delivered,Mycket nöjd med köpet. Snabb leverans också!,2025-01-11,5.0,positive
ORD-2025-00234,ORD-2025-00234-1,2025-01-02,2025-01-04,SKU-WC001,Webbkamera HD,Tillbehör,2,799.0,stockholm,business,card,KND-29286,delivered,,,4.0,neutral
ORD-2025-00234,ORD-2025-00234-2,2025-01-02,2025-01-04,SKU-MS002,Ergonomisk Mus Pro,Tillbehör,3,699.0,stockholm,business,card,KND-29286,delivered,,,4.0,neutral
ORD-2025-00235,ORD-2025-00235-1,2025-01-27,2025-01-30,SKU-HS001,Headset Pro ANC,Ljud,2,1899.0,stockholm,private,card,KND-54881,delivered,,,4.0,neutral
ORD-2025-00236,ORD-2025-00236-1,2025-02-17,2025-02-19,SKU-MN003,"Bildskärm 32"" Curved",Bildskärmar,1,5999.0,stockholm,private,swish,KND-41782,delivered,Super! Kommer definitivt handla här igen.,2025-02-22,4.0,positive
ORD-2025-00237,ORD-2025-00237-1,2025-01-23,2025-01-27,SKU-MS001,Trådlös Mus X1,Tillbehör,2,399.0,uppsala,business,invoice,KND-34283,delivered,Varken bra eller dåligt. Fungerar.,2025-01-25,3.0,positive
ORD-2025-00238,ORD-2025-00238-1,2025-02-16,2025-02-19,SKU-WC001,Webbkamera HD,Tillbehör,1,799.0,linköping,private,swish,KND-28068,delivered,Helt underbar kvalitet för pengarna.,2025-02-28,4.0,negative
ORD-2025-00239,ORD-2025-00239-1,2025-01-05,2025-01-08,SKU-KB002,Kompakt Tangentbord Mini,Tillbehör,2,599.0,stockolm,private,card,KND-59475,delivered,Överträffade mina förväntningar. 5 av 5!,2025-01-21,4.0,positive
ORD-2025-00240,ORD-2025-00240-1,2025-02-02,2025-02-05,SKU-HS002,Headset Budget,Ljud,1,499.0,stockholm,business,card,KND-99774,delivered,Helt underbar kvalitet för pengarna.,2025-02-07,5.0,negative
ORD-2025-00241,ORD-2025-00241-1,2025-02-19,2025-02-22,SKU-MN001,"Bildskärm 27"" UHD",Bildskärmar,3,4999.0,stockholm,business,invoice,KND-22578,delivered,,,4.0,neutral
ORD-2025-00241,ORD-2025-00241-2,2025-02-19,2025-02-22,SKU-SD001,Extern SSD 1TB,Lagring,3,1199.0,stockholm,business,invoice,KND-22578,delivered,Okej produkt för pengarna.,2025-02-24,3.0,neutral
ORD-2025-00241,ORD-2025-00241-3,2025-02-19,2025-02-22,SKU-LP001,Laptop Pro 15,Datorer,5,14999.0,stockholm,bolag,invoice,KND-22578,delivered,,,4.0,neutral
ORD-2025-00242,ORD-2025-00242-1,2025-02-16,2025-02-19,SKU-MS001,Trådlös Mus X1,Tillbehör,3,399.0,malmö,business,invoice,KND-24913,delivered,"Leverans på två dagar, imponerad!",2025-02-26,4.0,positive
ORD-2025-00242,ORD-2025-00242-2,2025-02-16,2025-02-19,SKU-HB001,USB-C Hub 7-port,Tillbehör,2,549.0,malmö,business,invoice,KND-24913,delivered,,,4.0,neutral
ORD-2025-00242,ORD-2025-00242-3,2025-02-16,2025-02-19,SKU-SP001,Bluetooth-högtalare,Ljud,5,899.0,malmö,business,invoice,KND-24913,received,"Leverans på två dagar, imponerad!",2025-02-21,5.0,positive
ORD-2025-00242,ORD-2025-00242-4,2025-02-14,2025-02-16,SKU-MN002,"Bildskärm 24"" FHD",Bildskärmar,2,2499.0,malmö,business,invoice,KND-24913,delivered,,,4.0,neutral
ORD-2025-00243,ORD-2025-00243-1,2025-02-05,2025-02-08,SKU-KB002,Kompakt Tangentbord Mini,Tillbehör,1,599.0,malmö,business,invoice,KND-60436,returned,,,4.0,neutral
ORD-2025-00244,ORD-2025-00244-1,2025-02-07,2025-02-10,SKU-MS001,Trådlös Mus X1,Tillbehör,1,399.0,stockholm,business,invoice,KND-74196,delivered,,,4.0,neutral
ORD-2025-00245,ORD-2025-00245-1,2025-01-10,2025-01-13,SKU-HS002,Headset Budget,Ljud,1,499.0,västerås,private,card,KND-78473,delivered,Prisvärt och bra kvalitet. Kommer köpa igen.,2025-01-23,4.0,positive
ORD-2025-00246,ORD-2025-00246-1,2025-01-31,2025-02-03,SKU-SD002,Extern SSD 500GB,Lagring,1,699.0,göteborg,private,invoice,KND-81696,delivered,,,4.0,neutral
ORD-2025-00247,ORD-2025-00247-1,2025-01-20,2025-01-23,SKU-SD002,Extern SSD 500GB,Lagring,1,699.0,örebro,private,card,KND-27928,delivered,,,4.0,neutral
ORD-2025-00248,ORD-2025-00248-1,2025-01-24,2025-01-27,SKU-MS001,Trådlös Mus X1,Tillbehör,1,399.0,stockholm,private,card,KND-72611,delivered,Prisvärt och bra kvalitet. Kommer köpa igen.,2025-02-03,5.0,positive
ORD-2025-00249,ORD-2025-00249-1,2025-02-22,2025-02-24,SKU-MS001,Trådlös Mus X1,Tillbehör,1,399.0,göteborg,kund,card,KND-65852,delivered,Riktigt nöjd! Använder den dagligen.,2025-02-26,5.0,positive
ORD-2025-00250,ORD-2025-00250-1,2025-01-18,2025-01-20,SKU-SD001,Extern SSD 1TB,Lagring,1,1199.0,goteborg,private,card,KND-70881,delivered,Bra pris och hög kvalitet. Nöjd kund!,2025-01-27,4.0,positive
ORD-2025-00250,ORD-2025-00250-2,,2025-01-20,SKU-KB001,Mekaniskt Tangentbord K7,Tillbehör,1,1299.0,göteborg,private,card,KND-70881,delivered,"Leverans på två dagar, imponerad!",2025-02-02,4.0,positive
ORD-2025-00250,ORD-2025-00250-3,2025-01-18,2025-01-20,SKU-KB001,Mekaniskt Tangentbord K7,Tillbehör,1,1299.0,göteborg,private,card,KND-70881,delivered,,,4.0,neutral
ORD-2025-00251,ORD-2025-00251-1,2025-01-04,2025-01-06,SKU-KB001,Mekaniskt Tangentbord K7,Tillbehör,1,1299.0,malmö,private,card,KND-11391,delivered,"Smidigt att beställa, produkten kom snabbt och fungerar perfekt.",2025-01-18,4.0,positive
ORD-2025-00251,ORD-2025-00251-2,2025-01-04,2025-01-06,SKU-MN002,"Bildskärm 24"" FHD",Bildskärmar,1,2499.0,malmö,private,card,KND-11391,delivered,För dyrt för vad man får.,2025-01-16,2.0,neutral
ORD-2025-00252,ORD-2025-00252-1,2025-02-16,2025-02-20,SKU-HS002,Headset Budget,Ljud,1,499.0,uppsala,private,swish,KND-34037,delivered,,,4.0,neutral
ORD-2025-00253,ORD-2025-00253-1,2025-01-16,2025-01-19,SKU-HS001,Headset Pro ANC,Ljud,1,1899.0,stckhlm,private,card,KND-37241,unknown,,,4.0,neutral
ORD-2025-00253,ORD-2025-00253-2,2025-01-16,2025-01-19,SKU-HB001,USB-C Hub 7-port,Tillbehör,1,549.0,stockholm,private,card,KND-37241,delivered,"Smidigt att beställa, produkten kom snabbt och fungerar perfekt.",2025-01-20,4.0,positive
ORD-2025-00254,ORD-2025-00254-1,2025-01-01,2025-01-03,SKU-LP001,Laptop Pro 15,Datorer,1,14999.0,stockholm,private,invoice,KND-60306,unknown,,,4.0,neutral
ORD-2025-00255,ORD-2025-00255-1,2025-02-06,2025-02-08,SKU-MS002,Ergonomisk Mus Pro,Tillbehör,1,699.0,göteborg,private,card,KND-86090,delivered,Fantastisk produkt! Fungerar precis som utlovat.,2025-02-14,5.0,positive
ORD-2025-00255,ORD-2025-00255-2,2025-02-06,2025-02-08,SKU-MN002,"Bildskärm 24"" FHD",Bildskärmar,1,2499.0,göteborg,private,card,KND-86090,delivered,,,4.0,neutral
ORD-2025-00256,ORD-2025-00256-1,2025-02-05,2025-02-08,SKU-KB001,Mekaniskt Tangentbord K7,Tillbehör,1,1299.0,örebro,business,invoice,KND-14350,delivered,,,4.0,neutral
ORD-2025-00256,ORD-2025-00256-2,2025-02-05,2025-02-08,SKU-SD002,Extern SSD 500GB,Lagring,2,699.0,örebro,business,invoice,KND-14350,delivered,,,4.0,neutral
ORD-2025-00256,ORD-2025-00256-3,2025-02-05,2025-02-08,SKU-HB001,USB-C Hub 7-port,Tillbehör,3,549.0,örebro,business,invoice,KND-14350,delivered,Genomsnittlig kvalitet. Inget speciellt.,2025-02-19,3.0,neutral
ORD-2025-00257,ORD-2025-00257-1,2025-01-19,2025-01-21,SKU-HB001,USB-C Hub 7-port,Tillbehör,1,549.0,stockholm,private,invoice,KND-13534,sent,Kan varmt rekommendera denna produkt.,2025-01-27,4.0,positive
ORD-2025-00258,ORD-2025-00258-1,2025-02-14,2025-02-16,SKU-KB002,Kompakt Tangentbord Mini,Tillbehör,1,599.0,malmö,private,card,KND-28632,in_transit,,,4.0,neutral
ORD-2025-00259,ORD-2025-00259-1,2025-01-28,2025-01-30,SKU-LP003,Laptop Gaming X,Datorer,1,18999.0,stockholm,private,invoice,KND-36841,delivered,,,4.0,neutral
ORD-2025-00259,ORD-2025-00259-2,2025-01-28,2025-01-30,SKU-KB001,Mekaniskt Tangentbord K7,Tillbehör,1,1299.0,stockholm,private,invoice,KND-36841,delivered,,,4.0,neutral
ORD-2025-00260,ORD-2025-00260-1,2025-01-18,2025-01-20,SKU-LP002,Laptop Budget 14,Datorer,1,7999.0,stockholm,private,swish,KND-20727,returned,Super! Kommer definitivt handla här igen.,2025-02-02,4.0,positive
ORD-2025-00261,ORD-2025-00261-1,2025-01-25,2025-01-28,SKU-LP002,Laptop Budget 14,Datorer,1,7999.0,malmö,consumer,swish,KND-26717,returned,,,4.0,neutral
ORD-2025-00262,ORD-2025-00262-1,2025-02-02,2025-02-04,SKU-KB002,Kompakt Tangentbord Mini,Tillbehör,1,599.0,mlm,private,swish,KND-85212,unknown,,,4.0,neutral
ORD-2025-00263,ORD-2025-00263-1,2025-01-22,2025-01-24,SKU-HB001,USB-C Hub 7-port,Tillbehör,1,549.0,stockholm,private,swish,KND-51852,delivered,,,4.0,neutral
ORD-2025-00264,ORD-2025-00264-1,2025-01-15,2025-01-18,SKU-KB001,Mekaniskt Tangentbord K7,Tillbehör,1,1299.0,stockholm,private,invoice,KND-30018,delivered,Medelmåttig upplevelse.,2025-02-01,3.0,positive
ORD-2025-00265,ORD-2025-00265-1,2025-01-15,2025-01-17,SKU-LP003,Laptop Gaming X,Datorer,2,18999.0,malmö,private,swish,KND-56086,delivered,,,4.0,neutral
ORD-2025-00265,ORD-2025-00265-2,2025-01-15,2025-01-17,SKU-MN002,"Bildskärm 24"" FHD",Bildskärmar,1,2499.0,mlm,private,swish,KND-56086,unknown,,,4.0,neutral
ORD-2025-00265,ORD-2025-00265-3,2025-01-15,2025-01-17,SKU-LP003,Laptop Gaming X,Datorer,1,18999.0,malmö,private,swish,KND-56086,delivered,,,4.0,neutral
ORD-2025-00266,ORD-2025-00266-1,2025-01-23,2025-01-25,SKU-KB001,Mekaniskt Tangentbord K7,Tillbehör,1,1299.0,malmö,private,invoice,KND-55529,delivered,,,4.0,neutral
ORD-2025-00267,ORD-2025-00267-1,2025-01-21,2025-01-24,SKU-KB001,Mekaniskt Tangentbord K7,Tillbehör,1,1299.0,stockholm,private,swish,KND-55462,delivered,,,4.0,neutral
ORD-2025-00268,ORD-2025-00268-1,2025-01-23,2025-01-26,SKU-SP001,Bluetooth-högtalare,Ljud,1,899.0,stockholm,private,card,KND-81785,returned,Mycket sämre kvalitet än förväntat.,2025-01-28,2.0,neutral
ORD-2025-00269,ORD-2025-00269-1,2025-02-05,2025-02-07,SKU-MS001,Trådlös Mus X1,Tillbehör,1,399.0,stockholm,private,invoice,KND-93896,delivered,,,4.0,neutral
ORD-2025-00270,ORD-2025-00270-1,2025-01-17,2025-01-21,SKU-SD001,Extern SSD 1TB,Lagring,1,1199.0,linköping,private,swish,KND-52631,delivered,Leveransen tog alldeles för lång tid.,2025-01-29,1.0,positive
ORD-2025-00271,ORD-2025-00271-1,2025-01-16,2025-01-19,SKU-HS002,Headset Budget,Ljud,1,499.0,stockolm,private,swish,KND-81474,unknown,,,4.0,neutral
ORD-2025-00272,ORD-2025-00272-1,2025-01-16,2025-01-21,SKU-HS002,Headset Budget,Ljud,1,499.0,norrland,private,swish,KND-11770,returned,Inte alls nöjd. Kommer inte handla här igen.,2025-01-30,2.0,negative
ORD-2025-00273,ORD-2025-00273-1,2025-02-26,2025-02-28,SKU-HS001,Headset Pro ANC,Ljud,1,1899.0,göteborg,private,card,KND-66820,delivered,Snabb leverans och produkten är fantastisk!,2025-03-08,5.0,positive
ORD-2025-00274,ORD-2025-00274-1,2025-01-26,2025-02-01,SKU-HB001,USB-C Hub 7-port,Tillbehör,2,549.0,norrland,private,invoice,KND-64098,delivered,"Helt okej, gör vad den ska.",2025-02-14,3.0,neutral
ORD-2025-00274,ORD-2025-00274-2,2025-01-26,2025-02-01,SKU-SD002,Extern SSD 500GB,Lagring,1,699.0,,private,invoice,KND-64098,received,,,4.0,neutral
ORD-2025-00275,ORD-2025-00275-1,2025-02-20,2025-02-23,SKU-SP001,Bluetooth-högtalare,Ljud,1,899.0,malmö,consumer,card,KND-46257,delivered,Produkten gick sönder efter en månad.,2025-02-26,1.0,negative
ORD-2025-00276,ORD-2025-00276-1,2025-01-25,2025-01-28,SKU-KB001,Mekaniskt Tangentbord K7,Tillbehör,1,1299.0,malmö,kund,card,KND-45697,delivered,"Leveransen tog lite längre än utlovat, men produkten är ok.",2025-02-09,3.0,neutral
ORD-2025-00277,ORD-2025-00277-1,2025-01-01,2025-01-04,SKU-MS002,Ergonomisk Mus Pro,Tillbehör,2,699.0,stockholm,business,invoice,KND-30550,delivered,Helt underbar kvalitet för pengarna.,2025-01-17,5.0,negative
ORD-2025-00277,ORD-2025-00277-2,2025-01-01,2025-01-04,SKU-MS002,Ergonomisk Mus Pro,Tillbehör,1,699.0,stckhlm,business,invoice,KND-30550,delivered,Super! Kommer definitivt handla här igen.,2025-01-16,5.0,positive
ORD-2025-00277,ORD-2025-00277-3,2025-01-01,2025-01-04,SKU-HB001,USB-C Hub 7-port,Tillbehör,1,549.0,stockholm,business,invoice,KND-30550,delivered,,,4.0,neutral
ORD-2025-00277,ORD-2025-00277-4,2025-01-01,2025-01-04,SKU-KB002,Kompakt Tangentbord Mini,Tillbehör,1,599.0,,business,invoice,KND-30550,unknown,,,4.0,neutral
ORD-2025-00277,ORD-2025-00277-5,2025-01-01,2025-01-04,SKU-MN003,"Bildskärm 32"" Curved",Bildskärmar,3,5999.0,stockholm,business,unknown,KND-30550,sent,"Leverans på två dagar, imponerad!",2025-01-06,5.0,positive
ORD-2025-00278,ORD-2025-00278-1,2025-02-15,2025-02-18,SKU-HS001,Headset Pro ANC,Ljud,1,1899.0,uppsala,business,invoice,KND-63473,in_transit,,,4.0,neutral
ORD-2025-00278,ORD-2025-00278-2,2025-02-15,2025-02-18,SKU-KB001,Mekaniskt Tangentbord K7,Tillbehör,2,1299.0,uppsala,business,invoice,KND-63473,in_transit,,,4.0,neutral
ORD-2025-00278,ORD-2025-00278-3,2025-02-15,2025-02-18,SKU-KB002,Kompakt Tangentbord Mini,Tillbehör,1,599.0,uppsala,business,invoice,KND-63473,in_transit,,,4.0,neutral
ORD-2025-00278,ORD-2025-00278-4,2025-02-15,2025-02-18,SKU-KB002,Kompakt Tangentbord Mini,Tillbehör,2,599.0,uppsala,business,invoice,KND-63473,in_transit,,,4.0,neutral
ORD-2025-00279,ORD-2025-00279-1,2025-01-23,2025-01-25,SKU-LP003,Laptop Gaming X,Datorer,1,18999.0,malmö,private,swish,KND-18966,delivered,Medelmåttig upplevelse.,2025-02-07,3.0,positive
ORD-2025-00280,ORD-2025-00280-1,2025-02-24,2025-02-26,SKU-MN003,"Bildskärm 32"" Curved",Bildskärmar,2,5999.0,stockholm,business,invoice,KND-38574,delivered,"Smidigt att beställa, produkten kom snabbt och fungerar perfekt.",2025-03-01,5.0,positive
ORD-2025-00280,ORD-2025-00280-2,2025-02-24,2025-02-26,SKU-SD002,Extern SSD 500GB,Lagring,5,699.0,stockholm,business,invoice,KND-38574,delivered,Snabb leverans och produkten är fantastisk!,2025-02-27,5.0,positive
ORD-2025-00280,ORD-2025-00280-3,2025-02-21,2025-02-24,SKU-MN002,"Bildskärm 24"" FHD",Bildskärmar,1,2499.0,sthlm.,business,invoice,KND-38574,unknown,,,4.0,neutral
ORD-2025-00281,ORD-2025-00281-1,2025-02-08,2025-02-10,SKU-MN001,"Bildskärm 27"" UHD",Bildskärmar,1,4999.0,stockholm,consumer,invoice,KND-98230,delivered,,,4.0,neutral
ORD-2025-00282,ORD-2025-00282-1,2025-01-10,2025-01-12,SKU-LP003,Laptop Gaming X,Datorer,2,18999.0,stockholm,business,invoice,KND-31198,sent,"Helt okej, gör vad den ska.",2025-01-13,3.0,neutral
